"uploader_name","uploader_mid","uploader_pic","type_id","type_name","link","bvid","title","description","pic","view_count","danmaku_count","favorites_count","tag","review_count","send_date","duration","like_count","pub_seconds_ago"
"辉哥游戏解说","341024691","https://i0.hdslb.com/bfs/face/648ab4f186c73a158b7f41fc77cfc558c084eb01.jpg","172","手机游戏","http://www.bilibili.com/video/av114436266270181","BV19bV3zuEoS","蛋仔派对：宿舍混进了伪蛋？请遵守伪蛋识别指南，小心你的室友","蛋仔派对：宿舍混进了伪蛋？请遵守伪蛋识别指南，小心你的室友","//i2.hdslb.com/bfs/archive/1b22b4e00397ffd300fc236a65d65ec37b35af17.jpg","6421174","264","78800","蛋仔海底大冒险,蛋仔派对海底大冒险","34","1746253674","389","8987","6791048"
"小嘉宾说游","105523254","https://i0.hdslb.com/bfs/face/f10a800b5cce236402436a16d5f505b128b578e6.jpg","172","手机游戏","http://www.bilibili.com/video/av114739296343495","BV1fmK5zMEZM","弗拉迪背后的故事99%的人不知道","谢谢支持","//i1.hdslb.com/bfs/archive/3b950ed4e58bf4fc9063d829f00fa8ff7b643e8f.jpg","1486039","0","24964","和平精英,和平精英破刃行动","0","1750949226","325","2266","2095496"
"辉哥游戏解说","341024691","https://i0.hdslb.com/bfs/face/648ab4f186c73a158b7f41fc77cfc558c084eb01.jpg","172","手机游戏","http://www.bilibili.com/video/av114441685307568","BV1mfVJzDEBf","蛋仔派对：选择你的躲藏点？木棍人进入房间，小心别被抓走喽！","蛋仔派对：选择你的躲藏点？木棍人进入房间，小心别被抓走喽！","//i2.hdslb.com/bfs/archive/7b6c5aa247d9c52178d0e5b9f8ede43f49806e6e.jpg","2536893","671","11066","蛋仔派对,蛋仔派对地图推荐,蛋仔海底大冒险,蛋仔派对海底大冒险","85","1746402485","183","1771","6642237"
"害怕z","84049965","https://i0.hdslb.com/bfs/face/93b14b4d9b215711be08a6672bf043d3b10808b2.jpg","172","手机游戏","http://www.bilibili.com/video/av114125048913558","BV16V9RYcEZu","【伪蛋入侵合集】你身边的蛋仔可能是伪蛋！","游戏名：蛋仔派对
改编自游戏：这不是我的邻居！
这是一个整活视频！
现在是蛋仔岛的2044年，二十年前，来到蛋仔岛的不只有艾比，还有一些恐怖的存在，大家都称他们为伪蛋，据目前的资料显示，伪蛋及其危险，目前蛋仔岛已经基本被伪蛋占领了，大部分的正常小蛋仔都在月球基地生活。而我的工作，就是分辨伪蛋和小蛋仔，让正常的小蛋仔进入月球基地，正确识别伪蛋并处理掉。如果失误放进来一只伪蛋，那么，就会发生很恐怖的事。求关注！求关注！求关注！求关注！求关注！求关注！求关注！求关注！求关注！求关注！求关注！求关注！","//i2.hdslb.com/bfs/archive/f6d857c7dc7b27cc9d752eac440d43b7859d3f6f.jpg","7697666","2692","201192","伪人,蛋仔派对,蛋仔派对发起人,害怕z,伪蛋,蛋仔派对金字塔传奇季,蛋仔永昼之国,伪蛋入侵","428","1742921914","2120","26754","10122808"
"辉哥游戏解说","341024691","https://i0.hdslb.com/bfs/face/648ab4f186c73a158b7f41fc77cfc558c084eb01.jpg","172","手机游戏","http://www.bilibili.com/video/av114698091499676","BV1hYNvzLEqL","蛋仔派对：找寻萌版Ai山海经？16个可爱的合成兽，你们都认识吗","蛋仔派对：找寻萌版Ai山海经？16个可爱的合成兽，你们都认识吗","//i0.hdslb.com/bfs/archive/4c57ef20bf80c335c6c9765be1b021c8a419a170.jpg","1457653","38","11778","蛋仔派对,蛋仔派对三周年","26","1750336530","269","1546","2708192"
"蛋仔派对月月儿","3546572935662263","https://i2.hdslb.com/bfs/face/e74b86f5d72fd05720daae1186ae6bf6f75e4c09.jpg","172","手机游戏","http://www.bilibili.com/video/av114126156208961","BV1btRpYsE2M","这可是我最爱吃的拉拉豆","-","//i1.hdslb.com/bfs/archive/ef281fc449c5909798f30b008642696a8e994d38.jpg","2910641","671","113186","蛋仔派对发起人,蛋仔旅行家,蛋仔派对创计划,蛋和蛋并肩闯关","109","1741526456","243","14655","11518266"
"穿越者哇咔呀","1054081749","https://i0.hdslb.com/bfs/face/0cd3f8e14c66b6741866f768c29464564344055b.jpg","172","手机游戏","http://www.bilibili.com/video/av1750630120","BV1K4421F7PX","地球最终会进化成怪物！人类的出现，到底是对是错？","地球最终会进化成怪物！人类的出现，到底是对是错？","//i0.hdslb.com/bfs/archive/98f18c6102bf7b8c70207ad774fd4050b8d2431a.jpg","8960961","1654","168022","地球,怪物","470","1708065447","282","35434","44979275"
"辉哥游戏解说","341024691","https://i0.hdslb.com/bfs/face/648ab4f186c73a158b7f41fc77cfc558c084eb01.jpg","172","手机游戏","http://www.bilibili.com/video/av114681113024576","BV1DJMmzWEra","蛋仔派对：看图猜Ai山海经萌物版？合成兽的小时候，你们认识吗","蛋仔派对：看图猜Ai山海经萌物版？合成兽的小时候，你们认识吗","//i0.hdslb.com/bfs/archive/0d4f9a6a76bf8807368c9274956306c335980b82.jpg","2495851","51","11322","蛋仔派对,蛋仔派对三周年","11","1750144718","196","1624","2900004"
"辉哥游戏解说","341024691","https://i0.hdslb.com/bfs/face/648ab4f186c73a158b7f41fc77cfc558c084eb01.jpg","172","手机游戏","http://www.bilibili.com/video/av114641350956152","BV1QyTyz1EBu","蛋仔派对：Ai山海经版躲藏点？合成兽各有高招，藏的让人意想不到","","//i2.hdslb.com/bfs/archive/aae54a9c256eccc185964245030cd9934760dc77.jpg","3017300","553","16983","蛋仔派对,蛋仔海底大冒险,蛋仔派对海底大冒险","55","1749471728","281","2440","3572994"
"网易梦幻西游手游","67378210","https://i1.hdslb.com/bfs/face/0a2c9625cd90b65ab4deae5ba45d14c1f065ac21.jpg","172","手机游戏","http://www.bilibili.com/video/av114000025093607","BV1jPKwe6Ek4","你说的cp，是哪个cp","有信随风而来，字句述说爱意。
《梦幻西游》手游情人节活动现已上线，快乘着纸飞机去感受三界甜蜜吧
主题新服【我愿意】已甜蜜开启，结缘还有礼金拿，限量5000对，快来参与~
感谢@0011LLYY  的甜蜜演绎，这糖我先吃了！","//i2.hdslb.com/bfs/archive/e9396c91487b92b935f7ebabda88650f1c0c36de.jpg","2320026","23","22651","短片,影视,情人节,剧情,0011,爱的100钟表达方式","54","1739519572","428","4593","13525150"
"小琨爱小蛊","50111839","https://i1.hdslb.com/bfs/face/080862af2ad53cae818db05191968fc4d306899a.jpg","172","手机游戏","http://www.bilibili.com/video/av114544881960585","BV17HJzzgEsh","火爆全网的粉狗doro，背后的故事如此催泪？《胜利女神》保姆级攻略：帮萌新入坑少走弯路。","《胜利女神：新的希望》2025年5月22日全平台多端正式上线！评论区置顶有口令码，先到先得哟！","//i1.hdslb.com/bfs/archive/239c668dcf0dc3e21cfcc918aaec73d3ef3e3193.jpg","1206756","1128","57455","游戏,手机游戏,桃乐丝,nikke,doro,胜利女神新的希望,胜利女神新的希望全平台上线","616","1748824893","777","18729","4219834"
"游小浪Game","318488460","http://i0.hdslb.com/bfs/face/edce1a9d8b1ce6663aed43e9d7ce61cb74f11875.jpg","172","手机游戏","http://www.bilibili.com/video/av113808630685150","BV1b7cce5Edf","蛋仔派对：艾比锤头獾狂砸秀儿？被砸傻的她，智商强的可怕！","蛋仔派对：艾比锤头獾狂砸秀儿？被砸傻的她，智商强的可怕！","//i1.hdslb.com/bfs/archive/4ab6329476eee9949182072f98a5421f88e4375a.jpg","3434055","271","10527","休闲游戏,蛋仔派对,蛋仔派对发起人,蛋仔派对宝藏乐园地图,蛋仔派对乐园畅游激励计划","57","1736582197","291","2511","16462530"
"辉哥游戏解说","341024691","https://i0.hdslb.com/bfs/face/648ab4f186c73a158b7f41fc77cfc558c084eb01.jpg","172","手机游戏","http://www.bilibili.com/video/av114658111394646","BV1ohTkz2EB6","蛋仔派对：Ai山海经版躲藏点？合成兽大显神通，藏的天衣无缝！","蛋仔派对：Ai山海经版躲藏点？合成兽大显神通，藏的天衣无缝！","//i0.hdslb.com/bfs/archive/24d599512e419a34439d28ade76491cd82cdf166.jpg","2415577","170","14347","蛋仔派对,蛋仔海底大冒险,蛋仔派对海底大冒险","27","1749648336","218","1694","3396391"
"十六游戏酱","3546719392368765","https://i0.hdslb.com/bfs/face/9801a4978ce30af7369c8c79ef4443d3fd81caba.jpg","172","手机游戏","http://www.bilibili.com/video/av114235392660376","BV141ZLY6E2D","同时回答两个人的问题","-","//i0.hdslb.com/bfs/archive/7944c6b1bc7b60ee49aab5e8e9663d94f57bda62.jpg","1590842","3","6427","搞笑,动画短片,问题","5","1743094027","141","946","9950708"
"澜星没石粒","1667504721","https://i0.hdslb.com/bfs/face/dbc2e6b16e41c0cf47e73f79a57e0e4a81e2c2f6.jpg","172","手机游戏","http://www.bilibili.com/video/av114447574108379","BV1c9VFzWEjq","CODM也有自己的皇片（13）","素材来自水友赛下半场
这回没找到什么好素材……
所以剪的不怎么好","//i0.hdslb.com/bfs/archive/dab5e5a03db65787d39ea8c39bfc0e193e975754.jpg","101249","119","1512","猎奇,搞笑,抽象,CODM,使命召唤手游","132","1746350155","113","6383","6694580"
"百宝收藏家","1370996803","https://i1.hdslb.com/bfs/face/9463d5bf2cacf43cd8d417554a240e30d55e1729.jpg","172","手机游戏","http://www.bilibili.com/video/av1200500249","BV1nF4m1M7b4","粉丝想要找到关于印象里面的本子（懂得都懂）","-","//i1.hdslb.com/bfs/archive/b27ccb3257bd6719d21cea7718a1c03062dc8772.png","24933","0","115","原创,漫画,粉丝,本子,游戏杂谈,想要,找到,必剪创作,原神UP主激励计划","738","1714237006","33","138","38807729"
"ulu秋名山","351170066","https://i2.hdslb.com/bfs/face/32b6040b0f7f439d7753ac248ced80e0395cffd5.jpg","172","手机游戏","http://www.bilibili.com/video/av114379190179195","BV1pb5UzZENK","99%的人都不知道的隐藏语音","在玩新号的时候发现那维有新语音，于是我就重新跑回去做了之前的传说任务，果然老米也加了特殊语音

有有趣的小知识（小细节）可以私信分享秋名山，非常感谢！！","//i2.hdslb.com/bfs/archive/8c81846a83c7bbe758175f12ce0dd1cf82155fba.jpg","2136386","723","12914","琴,纳塔,钟离,原神,散兵,摩拉克斯,若陀龙王,雷电将军,瓦雷莎,原神5.5UP主激励计划,原神5.5角色攻略","924","1745308859","129","79135","7735876"
"松下千秋77","700516468","https://i1.hdslb.com/bfs/face/1d860b1b059fbcbc09c269b8d7a7e52603b3c283.jpg","172","手机游戏","http://www.bilibili.com/video/av113665688737405","BV1nRkjYbEh4","全网最有活的号主！","-","//i1.hdslb.com/bfs/archive/1114f912883b157ecbe76a0db65f7948991a2533.jpg","3860499","736","23331","和平精英,松下千秋,地铁逃生","191","1734452790","559","10563","18591945"
"张子zi","85649095","https://i1.hdslb.com/bfs/face/691ab8f874eb315abc6930d10255d62d834ebb0c.jpg","172","手机游戏","http://www.bilibili.com/video/av114246952162688","BV1TQZhYQEXe","明明开发的是游戏！玩家却催厂商去做卫生巾？","","//i1.hdslb.com/bfs/archive/5a487c11c150482f7f04bc9972e3f697aa4e1c07.jpg","1728513","5093","5874","吐槽,搞笑,二次元,手机游戏,网易,停服,国产游戏,游戏杂谈,原神,开放空间：Over Field","5357","1743513496","295","42469","9531242"
"暗猫の祝福","888465","https://i0.hdslb.com/bfs/face/ee1d70ddd0eb2c9699ad11eda2b72c7974bb8d88.jpg","172","手机游戏","http://www.bilibili.com/video/av1906245996","BV1iS411w7Ka","可爱的鲨鱼妹快来我怀里！！「绝区零」艾莲混剪","虽然我现在还没抽到鲨鱼妹，但不妨碍她的可爱，先做条片，给我火！火了我就去氪金去！！
BGM：Dreamweaver——HOYO-MIX","//i2.hdslb.com/bfs/archive/c5a2587cfa37d6604cac84fa3fc2c6b43367d566.jpg","199874","51","3249","混剪,鲨鱼妹,艾莲,绝区零,绝区零UP主激励计划","147","1720584004","127","14158","32460734"
"游小浪Game","318488460","http://i0.hdslb.com/bfs/face/edce1a9d8b1ce6663aed43e9d7ce61cb74f11875.jpg","172","手机游戏","http://www.bilibili.com/video/av114562531597928","BV1ssjbz2EgT","蛋仔派对：表情包台词挑战？真滑稽，请看秀儿的表演！哈哈哈","蛋仔派对：表情包台词挑战？真滑稽，请看秀儿的表演！哈哈哈","//i2.hdslb.com/bfs/archive/c4a2b3859d4390525a2c36cb5e0f021ee439b812.jpg","3658849","348","33779","蛋仔派对,蛋仔派对小剧场,蛋仔派对发起人,蛋仔海底大冒险,蛋仔派对海底大冒险","107","1748251043","216","4173","4793695"
"溢汁莲","179407530","https://i0.hdslb.com/bfs/face/3d36ee18015c9acc08d9463520153cfaa0818e0d.jpg","172","手机游戏","http://www.bilibili.com/video/av114680810964329","BV1RsMyzpELM","😍当我排到了人榜第一后我的表情belike:😍","点个关注吧！！！点个关注吧！！！点个关注吧！！！点个关注吧！！！点个关注吧！！！点个关注吧！！！点个关注吧！！！点个关注吧！！！点个关注吧！！！点个关注吧！！！点个关注吧！！！点个关注吧！！！点个关注吧！！！点个关注吧！！！点个关注吧！！！点个关注吧！！！点个关注吧！！！点个关注吧！！！点个关注吧！！！点个关注吧！！！点个关注吧！！！点个关注吧！！！点个关注吧！！！点个关注吧！！！点个关注吧！！！点个关注吧！！！点个关注吧！！！点个关注吧！！！点个关注吧！！！点个关注吧！！！点个关注吧！！！点个关注吧！！","//i2.hdslb.com/bfs/archive/f4ae8dac23d50cc84207a1f3ab5fe52646d2e363.jpg","1517683","4061","41968","搞笑,手机游戏,疾走,人皇,主播,第五人格,人榜第一,第五人格新星团,第五人格夏日演绎,第五人格庄园纳凉夜","1432","1749896475","545","72328","3148263"
"洪无极","47129767","https://i1.hdslb.com/bfs/face/73de54ff6219df79f1208f028f995dd81a083018.jpg","172","手机游戏","http://www.bilibili.com/video/av114760720850269","BV1MbKUzJEUr","白给泳装+全角色解锁？这才是玩家暑假该玩的MOBA！永恒轮回为什么这么爽啊！？","每年暑假，MOBA游戏区都像被投喂了兴奋剂——开赛季，联动，限定皮肤轮番上阵，活动安排比高考复习还密集！
但你有没有发现？
抽全靠玄学，皮肤贵得离谱，福利却少得可怜，玩家一边肝活动，一边被PUA：不氪？那就别想玩得爽。
而就在这片MOBA内卷废土中，《永恒轮回》反其道而行，上线就送泳装皮，赛季包一口价全拿下，角色不靠抽，老婆全靠选，甚至还有战地记者拍照上分，厨子做饭回血……这不是MOBA，这是XP大派对！
今天我们就来聊聊这款不卷数值、不卷充值，但卷到了我XP核心的MOBA游戏——《永恒轮回》！","//i0.hdslb.com/bfs/archive/7b700e496b20646136a1a2445eca0eaf76cd1121.jpg","398422","405","7515","游戏,二次元,STEAM,网络游戏,电子竞技,游戏杂谈,MOBA,永恒轮回,MOBA大逃杀,永恒轮回逐浪赛季","250","1751204323","368","30125","1840415"
"蛋仔二师兄","180489560","https://i2.hdslb.com/bfs/face/9d1a5185edd1c5da8aa5f993ecb4da3fbb54f7d5.jpg","172","手机游戏","http://www.bilibili.com/video/av113649532342976","BV1coB5Y1EXx","蛋仔派对：妹妹被姐姐意外弄丢！第二年却找到了妹妹的尸体！","蛋仔派对：妹妹被姐姐意外弄丢！第二年却找到了妹妹的尸体！","//i2.hdslb.com/bfs/archive/c3ddb69e3b18b48a9aa5ccd6813bded05f5460f1.jpg","5596301","239","71598","游戏实况,休闲益智,搞笑视频,海龟汤,游戏鉴赏家,蛋仔派对,蛋仔女孩,蛋仔剧场,蛋仔派对创计划,蛋仔派对龙与剑之诗","54","1734243341","166","7319","18801401"
"虚无-和平精英","222037579","https://i1.hdslb.com/bfs/face/6c261f469a7256a9ae01fd10474c4ea3b128757e.jpg","172","手机游戏","http://www.bilibili.com/video/av114604977951429","BV1Nn7gzhEVM","昨天的我心态崩了，今天的我又重生了！继续单排荣都！","觉得视频做的不错的，希望能点赞投币三连支持一下主播。非常感谢。","//i0.hdslb.com/bfs/archive/98e3e312d4134c39ceeb586808b3dd14a00b5cae.jpg","1308676","342","9148","游戏解说,高燃,虚无,和平精英,地铁逃生,对峙前线,和平精英地铁逃生,地铁教学,冰河禁区,和平精英新版本激励活动,烽火荣都","158","1748866788","1071","2802","4177954"
"史上醉","1767112114","https://i1.hdslb.com/bfs/face/b29093ec238027dbcfd7d9edbaa7c021b47fe4d7.jpg","172","手机游戏","http://www.bilibili.com/video/av113656260134186","BV1UuqZYCEuy","王者荣耀近四年最逆天的五杀，都在这地图里了！","还有哪些你记忆犹新的经典五杀？","//i0.hdslb.com/bfs/archive/331f6ad8b23679ee2b8118606e479ec026250ebe.jpg","4660542","2333","60546","游戏,王者","888","1734326612","518","80195","18718130"
"和平精英江夏","3493091564587278","https://i0.hdslb.com/bfs/face/b66d7e66e3295c4a6e2fff1a422904ff2fd08cf0.jpg","172","手机游戏","http://www.bilibili.com/video/av114771928029868","BV1ddgrzHECX","那个小姐姐竟然说我是苟分的 细节才是致胜的关键！","-","//i0.hdslb.com/bfs/archive/ab5f6013b7fa40f11d1088013ba0077ae5f1226a.jpg","351412","3","429","搞笑,快乐,游戏解说,小姐姐,和平精英,单排榜首大黑牛,和平精英夏日焕新,和平精英夏日焕新全民福利活动","3","1751281066","759","127","1763676"
"小杜加油Y","2043927099","https://i0.hdslb.com/bfs/face/54091fe6f352849cd3c5675528d1d39d3ff40728.jpg","172","手机游戏","http://www.bilibili.com/video/av114619473466681","BV1gm7hzYEnE","校园里的暗恋，永远是那么美好！","","//i0.hdslb.com/bfs/archive/a2c5e25a24b1eed256886d6db22cb1f3691c0e02.jpg","875423","7","7298","爱情,青春,校园,情感,感情,心动,上B站看播客,爱情那些难题","4","1749265586","269","699","3779156"
"ulu秋名山","351170066","https://i2.hdslb.com/bfs/face/32b6040b0f7f439d7753ac248ced80e0395cffd5.jpg","172","手机游戏","http://www.bilibili.com/video/av114537751650265","BV1cyEfzAELS","才发现胡桃还加了头发建模（老米的神奇优化）","其实我希望在6.0能再来一波全角色的优化（5.0版本优化了角色精度，我希望建模也能全部优化一遍QAQ）

有有趣的小知识（小细节）可以私信分享秋名山，非常感谢！！","//i2.hdslb.com/bfs/archive/edaf7e26951d1e5cca359a3a6000a11a88e125ce.jpg","1687000","690","7100","胡桃,璃月,纳塔,原神,万叶,庆云顶,芙宁娜,瓦雷莎,爱可菲,原神爱可菲,原神5.6UP主激励计划","1758","1747719702","135","69845","5325040"
"蛋仔派对李黎","3546814735190287","https://i1.hdslb.com/bfs/face/f3ed349fd039736e0acf46d441569a0d29ff3792.jpg","172","手机游戏","http://www.bilibili.com/video/av114539563652510","BV1DrJ8zvE8a","好奇的时间，这叫我呆到过年吗","-","//i2.hdslb.com/bfs/archive/3ec28b18f0a8360b9e5aff4c2484a2e4bb300902.jpg","3104498","88","220158","春节,新年,记录","143","1747736213","268","20984","5308529"
"大老师Sam","429741851","https://i2.hdslb.com/bfs/face/e87c02602a677476b0f2b3b270b970dbd9826628.jpg","172","手机游戏","http://www.bilibili.com/video/av113129052835588","BV1T64beWEJV","为了留住玩家，现在的游戏尺度是真大！","为了留住玩家，现在的游戏尺度是真大！","//i0.hdslb.com/bfs/archive/542427b110eff12cfc7a15a8fa8e0861fb95a8d8.jpg","1085434","544","5081","游戏,搞笑,国产,二次元,手机游戏,网络游戏,手游,归龙潮","633","1726418275","289","26351","26626467"
"每日必更的小up主","3546644974930514","https://i2.hdslb.com/bfs/face/0edc4461bc9137d7b9308a946b1731e3a53de01f.jpg","172","手机游戏","http://www.bilibili.com/video/av1251729564","BV1JJ4m1a7Df","你的下意识习惯暴露了你的真实身份！","你的下意识习惯暴露了你的真实身份！","//i2.hdslb.com/bfs/archive/96302c700625d1a073f82d3da56ca1336581cca7.jpg","1024013","48","3008","搞笑,娱乐,高能,记录,情感,搞笑视频,习惯,爆笑生活,下意识,原神UP主激励计划","141","1710467292","68","58758","42577461"
"小婷火柴人动画屋","3546385087466050","https://i1.hdslb.com/bfs/face/fe64321c5dff8e4285371bc5923ca48a7d3d89ae.jpg","172","手机游戏","http://www.bilibili.com/video/av114680576089678","BV1kXMyzPEFe","第十五集：《希望之光》强大的最终boss召唤了最后一个，最强大的凯骑士，究竟能否打败最终boss呢？","-","//i2.hdslb.com/bfs/archive/84fe215e5839d21882d02d46e4e31b8e29ba1570.jpg","582561","5","9469","雷神,原创,BOSS,希望之光,最终BOSS,熔岩,凯骑士,魔心凯,齐弗斯狮鹫,凯僵尸","9","1750818153","157","599","2226600"
"像素工厂小玩家","1967893910","https://i2.hdslb.com/bfs/face/4ca86ff2451c833ed1bd78960a11d745020dc163.jpg","172","手机游戏","http://www.bilibili.com/video/av114719113481394","BV19jNkzgEeU","我爸的账号","-","//i0.hdslb.com/bfs/archive/97e31d78e765bd40a9193ddbdf1a73269458ed69.jpg","462925","326","956","爸爸,三角洲","886","1750475116","319","19985","2569644"
"JinLi_雪糕","511467351","https://i0.hdslb.com/bfs/face/95500d9f75f6c664f2177469dd87dc529c4136d2.jpg","172","手机游戏","http://www.bilibili.com/video/av114478511299336","BV1kAVDz8Ek2","小可莉看的什么书啊这么认真","小可莉看的什么书啊这么认真#原神 #白丝雪糕 #可莉","//i2.hdslb.com/bfs/archive/85088e50d65ff944d69ae1d08324db87038441a2.jpg","3547","0","135","原神,可莉,白丝雪糕","8","1749713912","9","265","3330848"
"小贝的游戏食堂","6528910","https://i1.hdslb.com/bfs/face/950adc8bc95f8080967508febb76eedc360a584e.jpg","172","手机游戏","http://www.bilibili.com/video/av114720975684842","BV1abN2zmE3T","曾经点燃国内搜打撤热潮的游戏，如今要变成这样了？","一个容器装了4个大金的时代要来咧！这是要整波大的呀。","//i0.hdslb.com/bfs/archive/ff82959acdc5506d8e25f8ee6344af48714b799d.jpg","474873","452","1676","射击游戏,FPS游戏,游戏杂谈,大金,暗区,暗区突围,摸金游戏,搜打撤,暗区突围S13必出大金了","582","1750505601","360","16665","2539159"
"蛋仔灰灰","2029129181","https://i2.hdslb.com/bfs/face/38b38355f13d9d607fa6853599eb2cb89ba1b485.jpg","172","手机游戏","http://www.bilibili.com/video/av114748322619197","BV1UrKRzvExS","蛋仔派对：全网最难猜的山海经角色！没人能答对！","蛋仔派对：全网最难猜的山海经角色！没人能答对！","//i0.hdslb.com/bfs/archive/13d085607443746458046aeeb3d0c8c569bd9bfa.jpg","1841872","111","7618","游戏实况,竞技游戏,游戏鉴赏家,蛋仔派对,eggy爱挤,蛋仔日常,蛋仔派对发起人,蛋仔派对三周年,蛋仔派对创计划,导演蛋生记","13","1750929902","141","1335","2114858"
"咸魚地铁逃生","362273799","https://i0.hdslb.com/bfs/face/7f76439f62e1aef25bfd8775858ef30c687aa744.jpg","172","手机游戏","http://www.bilibili.com/video/av114330670471207","BV1utd6YGEWE","仅用一把改进的m4就挣了666万","-","//i1.hdslb.com/bfs/archive/4954c01fde3c52b7f9ad86fe5d771cec0f70c4a6.jpg","1527866","17580","97553","和平精英,地铁逃生,五级套,和平精英地铁逃生,和平精英4月激励活动","355","1746599236","86","26778","6445524"
"泥萌都是托","4878173","https://i2.hdslb.com/bfs/face/66131df70af24b8ce8df7d79f12e46beaaaccc74.jpg","172","手机游戏","http://www.bilibili.com/video/av114745839458658","BV1bdKQztEg2","这么经典的项目能忍住不玩的，也是神人了！","削弱版神火温蒂，然而足够用了。想到当年打小黑子有这一套得有多爽啊。
水月也是同理，看来还是有设计想法的。（卡密：啊？原来不是给我玩神之手的吗？？？？）
你小子，这都不去玩也是神人了。
众所周知，玛恩纳开3技能后，卡西米尔干员每次被攻击会反伤一次+附伤一次。
而大锁每被攻击20次就会全屏攻击一次
也就是说只要有10个卡西米尔干员就会无限反伤。
其实这个是大锁刚出就有的课题，当时打的时候就出现过莫名其妙卡掉20次受击的情况。
目前看来是石锤了。于是我们只用8个，每次反伤造成16次伤害，剩下的4次让拉狗和能天使","//i1.hdslb.com/bfs/archive/844a6b8adfd510608969d970baa58dc8ddaa8aba.jpg","482761","123","1077","搞笑,温蒂,明日方舟,泰拉探索协会,明日方舟创作者应援计划,引航者试炼,TN-2,TN-4,明日方舟UP主应援计划 – 红丝绒","413","1750960023","87","23892","2084737"
"大老师Sam","429741851","https://i2.hdslb.com/bfs/face/e87c02602a677476b0f2b3b270b970dbd9826628.jpg","172","手机游戏","http://www.bilibili.com/video/av114635747366756","BV1XvTKzMET8","整整改了五年！把海外玩家当小白鼠的国产FPS，现在能玩了吗？","整整改了五年！把海外玩家当小白鼠的国产FPS，现在能玩了吗？","//i2.hdslb.com/bfs/archive/3a62e484d02eaa4e70031446655203eae4df69f1.jpg","1304675","782","4741","游戏,老外,FPS,射击游戏,游戏杂谈,手游,整活,大老师Sam,远光84","601","1749271211","300","15549","3773557"
"嘟某地铁逃生","3493298039687937","https://i0.hdslb.com/bfs/face/7394f7b6949f3bd64eb03fb25ba0855da146bba9.jpg","172","手机游戏","http://www.bilibili.com/video/av114777749718770","BV1QpgXzCEAi","扶贫最快的一集","-","//i0.hdslb.com/bfs/archive/ba6fc9817c2b07f6d8d70bb891faf0d32c0f9f20.jpg","258559","36","1956","和平精英","49","1751369863","81","2544","1674905"
"三石游戏日志","316674559","https://i1.hdslb.com/bfs/face/1e66b503cdfbe850fcecd90ed7cf776449913d09.jpg","172","手机游戏","http://www.bilibili.com/video/av113655253308166","BV16sqdY9EVL","通关率0%的游戏毒图？到底有多难","喜欢的可以给个三连鸭~","//i0.hdslb.com/bfs/archive/46aad7aa76ec9abeba48937edb6272dcb68cfa02.jpg","5869269","434","40013","挑战,赛车游戏,手游,游戏日常,下饭操作,极品飞车集结,热湾改车王","135","1734253220","378","13088","18791555"
"橙小染i","3493140856047972","https://i0.hdslb.com/bfs/face/202195ab3a77b2ecc442c41d107722b1fe24c208.jpg","172","手机游戏","http://www.bilibili.com/video/av114523457459602","BV1WuJNznEbB","【第五人格の小曲】打第五人格必听的角色小曲！！","打第五人格必听的角色小曲！！（合集）","//i0.hdslb.com/bfs/archive/0e346ca103c595c2dc0e6fdcca7d7c23485d81df.jpg","1023844","1860","124873","BGM,搞笑,小曲,第五人格,演绎之星,第五人格新星团,第五人格七周年,第五人格周年创作,第五人格周年演绎","246","1747550362","2614","27286","5494413"
"武子弈","237533871","https://i0.hdslb.com/bfs/face/1ae588a38fa7cc7a8154ff0f46d2cf57bfc3854a.jpg","172","手机游戏","http://www.bilibili.com/video/av114092517891741","BV1gx9tYMEqK","十万的完好M200跑狙！","十万的完好M200跑狙！","//i0.hdslb.com/bfs/archive/49cf4db006ae9e38ac47ab4e3b2d42418a295f16.jpg","2998577","667","21073","和平精英,地铁逃生,和平精英地铁逃生","303","1741148581","297","12320","11896194"
"游小浪Game","318488460","http://i0.hdslb.com/bfs/face/edce1a9d8b1ce6663aed43e9d7ce61cb74f11875.jpg","172","手机游戏","http://www.bilibili.com/video/av113770244347674","BV1sgrWYUEVW","这是人类想出来的游戏吗？我成了蛄蛹者！","这是人类想出来的游戏吗？我成了蛄蛹者！","//i0.hdslb.com/bfs/archive/3aaf86ab4d939b194c278a89fa9755678e1024bf.jpg","3337225","645","21292","单机游戏,休闲游戏,搞笑解说,steam游戏,找个班上","364","1736035211","217","12494","17009564"
"嘟某地铁逃生","3493298039687937","https://i0.hdslb.com/bfs/face/7394f7b6949f3bd64eb03fb25ba0855da146bba9.jpg","172","手机游戏","http://www.bilibili.com/video/av114488325966801","BV1miEMzvEC5","卧底界的s","-","//i0.hdslb.com/bfs/archive/96162dae54f7a98a8b2dc33f939e0272acfd90d8.jpg","1372833","58","1955","和平精英地铁逃生,和平精英新版本激励活动","28","1746953750","91","2173","6091032"
"虚无-和平精英","222037579","https://i1.hdslb.com/bfs/face/6c261f469a7256a9ae01fd10474c4ea3b128757e.jpg","172","手机游戏","http://www.bilibili.com/video/av114744094693648","BV1etKnzjEyf","浅谈一下目前的传世武器，地铁单排荒岛好玩吗？这个视频告诉你~","觉得视频做的不错的，希望能点赞投币三连支持一下主播，祝三连的各位生活愉快，一帆风顺，全家暴富，把把千万撤离，非常感谢。","//i1.hdslb.com/bfs/archive/3f089f236bdf157ec950804852d188c1fd7bc3aa.jpg","2160174","285","33688","游戏解说,高燃,虚无,和平精英,地铁逃生,对峙前线,和平精英地铁逃生,地铁教学,冰河禁区,烽火荣都","114","1751009471","620","6683","2035311"
"和平精英江夏","3493091564587278","https://i0.hdslb.com/bfs/face/b66d7e66e3295c4a6e2fff1a422904ff2fd08cf0.jpg","172","手机游戏","http://www.bilibili.com/video/av114738122003174","BV19iKVzoEQD","单排神之争你们更看好谁 争单排神的恐怖之局！","-","//i1.hdslb.com/bfs/archive/7b2e17576c2d1a53779e084b87812b62421b5ca6.jpg","398680","11","970","游戏解说,搞笑吃鸡,和平精英,单排榜首大黑牛,近权,和平精英夏日焕新,和平精英夏日焕新全民福利活动","4","1750765126","452","185","2279659"
"一伦星","3493082125306518","https://i0.hdslb.com/bfs/face/55cfe8b8dd5a2f6863735562fb99f0dd222de49a.jpg","172","手机游戏","http://www.bilibili.com/video/av114733441089698","BV1bLKhzNEbf","不要因为个别的人影响到自己的本意和心情","-","//i0.hdslb.com/bfs/archive/e6bd55631a51e426a7a0b8e58a672073f1cba862.jpg","606734","291","789","娱乐,FPS,第一视角,电子竞技,三角洲行动5月激励计划,猛攻三角洲黑夜之子新赛季","314","1750694787","375","8415","2349998"
"是快乐小奥比","1084053561","https://i0.hdslb.com/bfs/face/843f46841680e7a169553fca3b262d4f36ce72ed.jpg","172","手机游戏","http://www.bilibili.com/video/av114698695480871","BV1p9NqzzE4j","作为败笔，我遇见我的绝响。","-","//i1.hdslb.com/bfs/archive/36d5933761cb0aada9c767c873f8b290e86c82a2.jpg","1515758","16","29770","故事,素材,病娇,奥比岛,穿搭游戏,游戏穿搭,奥比岛穿搭,作为败笔","15","1750424724","217","3651","2620061"
"Vss大佬和平精英","1278907702","https://i1.hdslb.com/bfs/face/1b9e9c97efd53a2150ce869652d1369bb296c0ba.jpg","172","手机游戏","http://www.bilibili.com/video/av114740604964670","BV1WZKLznEEH","来欣赏顶级职业选手的枪法。","-","//i2.hdslb.com/bfs/archive/03aa48bbb61f4d1040cd061ad3557daffad023ec.jpg","495715","286","1010","顶尖狙击手,和平精英","211","1750803172","221","14132","2241613"
"和平精英长留白","627723344","https://i2.hdslb.com/bfs/face/564e5a3cfa90d290b263b0607c5dd43cd6409819.jpg","172","手机游戏","http://www.bilibili.com/video/av114251314235104","BV1fEZBY4Eyk","传奇卧底倒下了！扶贫以来最难受的一次！","-","//i0.hdslb.com/bfs/archive/fd731000628a8628fdff5891f2591d607a1b4c5d.jpg","2141035","33","3621","手机游戏,吃鸡手游,和平精英,地铁逃生,长留白","57","1743340361","246","2446","9704427"
"武子弈","237533871","https://i0.hdslb.com/bfs/face/1ae588a38fa7cc7a8154ff0f46d2cf57bfc3854a.jpg","172","手机游戏","http://www.bilibili.com/video/av113770026310192","BV1vhrWYNEFt","黑市的馈赠！卧底悬赏赚560万！","黑市的馈赠！卧底悬赏赚560万！","//i1.hdslb.com/bfs/archive/190c666a9355cfe347dcf1436f76ad605a37a8c2.jpg","3298889","343","28692","武子弈,和平精英,地铁逃生","237","1736226023","209","10477","16818765"
"农村人谭桑","620983225","https://i1.hdslb.com/bfs/face/eb6f707b460d4e9c06704cdd498198f73401dfed.jpg","172","手机游戏","http://www.bilibili.com/video/av114409389165680","BV1QoLBzQEby","你们都是自怨的吧","-","//i0.hdslb.com/bfs/archive/8bcf88ab055333b7266713aa8defb9cd23767afe.jpg","3440518","113","40475","FPS,吃鸡,和平精英,和平精英地铁逃生,和平精英新版本激励活动","30","1745901789","155","6984","7142999"
"青莲又失利了","179922650","https://i2.hdslb.com/bfs/face/786fd77872dc6b4643d7623d2b1c069efec4cfe4.jpg","172","手机游戏","http://www.bilibili.com/video/av114748507101247","BV1isKRzjEdb","《青莲兰陵》对思路预判的最好诠释！！！","觉得本期视频不错的兄弟们一定要记得三连啊！！！！
BGM：
《Once Upon A Time (House Extended Mix) 》
记得三连！！！！！","//i2.hdslb.com/bfs/archive/2b0c5199809beba5657f50ae3d6270f0e6daf10e.jpg","1052159","437","4254","电子竞技,精彩集锦,MOBA,兰陵王,青莲,王者荣耀,皇堡,汉堡王新品,麻了,火辣重启","647","1750966790","178","41051","2077998"
"何必解说","241143019","https://i1.hdslb.com/bfs/face/431c3422d00065639aca53a05a97dff5cd110c36.jpg","172","手机游戏","http://www.bilibili.com/video/av114710087206244","BV1aTNozkEPA","挑战用威尔上校爆的装备，在荣都一局赚千万！","挑战用威尔上校爆的装备，在荣都一局赚千万！","//i2.hdslb.com/bfs/archive/b6e45dcccc505e0bc8678f8b484870d7d479df7f.jpg","838652","77","1695","挑战,吃鸡,绝地求生,刺激战场,和平精英,地铁逃生","17","1750672805","311","1476","2371991"
"君君解说哟","396007576","https://i1.hdslb.com/bfs/face/740a849dc20b9d52cec66eaf0d5fab84cc92ba35.jpg","172","手机游戏","http://www.bilibili.com/video/av114760033050443","BV1hHK2zjEPF","君君解说：新BOSS身世揭秘，弗拉迪和罗尔的悲惨生活，都是铁爪武装造成的","君君解说：新BOSS身世揭秘，弗拉迪和罗尔的悲惨生活，都是铁爪武装造成的","//i0.hdslb.com/bfs/archive/5499eccc485432ec336bab8921cd1a4dad2b67c7.jpg","975532","30","5473","和平精英,地铁逃生,君君解说,烽火荣都,摸金搜打撤,地铁逃生摸金搜打撤,和平精英夏日焕新全民福利活动","9","1751163230","117","1132","1881566"
"一克麻辣毛蛋儿","1912249087","https://i1.hdslb.com/bfs/face/9f6a0fe7da3512eaf0773bf7a162cc233b7e3c32.jpg","172","手机游戏","http://www.bilibili.com/video/av114124327493276","BV1fa9QYnEHD","蛋仔派对：20的人不默契挑战！这也太好玩了！","蛋仔派对：20的人不默契挑战！这也太好玩了！","//i1.hdslb.com/bfs/archive/d800c62632daa6d6264a69219664012116917005.jpg","5003696","129","34325","搞笑视频,竞技游戏,蛋仔派对,万物皆可游戏,蛋仔日常,蛋仔女孩,蛋仔剧场,蛋仔实况,蛋仔派对创计划,蛋仔乐园畅游激励计划","59","1741495228","181","5690","11549568"
"蛋仔饭特稀","3493261928827813","https://i1.hdslb.com/bfs/face/12e93f5ca7c0d1d32b57db70d4a2d94c98068a68.jpg","172","手机游戏","http://www.bilibili.com/video/av114460291237421","BV1eLVUzCEFQ","蛋仔派对：和一整个岛屿的蛋玩不默契挑战！主播能不能赢到最后？","蛋仔派对：和一整个岛屿的蛋玩不默契挑战！主播能不能赢到最后？","//i0.hdslb.com/bfs/archive/ed974d6de4026489a571f31d6b66de3823acf21b.jpg","1973696","102","8092","竞技游戏,游戏鉴赏家,蛋仔派对,eggy爱挤,蛋仔女孩,蛋仔剧场,蛋仔派对创计划,蛋仔乐园畅游激励计划,蛋仔海底大冒险,蛋仔派对海底大冒险","29","1746525619","161","2104","6519180"
"蛋仔饭特稀","3493261928827813","https://i1.hdslb.com/bfs/face/12e93f5ca7c0d1d32b57db70d4a2d94c98068a68.jpg","172","手机游戏","http://www.bilibili.com/video/av114771827428401","BV1E2grzbEXq","蛋仔派对：谁是卧底之！学校里的劳改”饭“？","蛋仔派对：谁是卧底之！学校里的劳改”饭“？","//i1.hdslb.com/bfs/archive/791ad50cc50a2b5642f2bdb71efc23b724228972.jpg","698102","42","4037","竞技游戏,游戏鉴赏家,蛋仔派对,eggy爱挤,蛋仔女孩,蛋仔派对发起人,蛋仔派对三周年,蛋仔派对创计划,导演蛋生记","35","1751279213","80","2508","1765586"
"和平精英长留白","627723344","https://i2.hdslb.com/bfs/face/564e5a3cfa90d290b263b0607c5dd43cd6409819.jpg","172","手机游戏","http://www.bilibili.com/video/av114313775812338","BV1ridLYfEw8","扶贫被迫体验卡德尔M4！光子鸡最多的一次！","-","//i1.hdslb.com/bfs/archive/4a78d308c7dbc54397db50e4cb7efa584e007681.jpg","2192388","32","3633","手机游戏,吃鸡手游,和平精英,地铁逃生,和平精英地铁逃生,长留白,和平精英4月激励活动","38","1744438900","242","2823","8605899"
"一克麻辣毛蛋儿","1912249087","https://i1.hdslb.com/bfs/face/9f6a0fe7da3512eaf0773bf7a162cc233b7e3c32.jpg","172","手机游戏","http://www.bilibili.com/video/av114483108256569","BV1UwVozsEzC","蛋仔派对：50人的不默契挑战！这也太好玩了！","蛋仔派对：50人的不默契挑战！这也太好玩了！","//i0.hdslb.com/bfs/archive/26d0064ecf193c427950b515683f24eca18bcd10.jpg","2529342","94","22723","搞笑视频,竞技游戏,蛋仔派对,蛋仔日常,蛋仔女孩,蛋仔剧场,蛋仔实况,蛋仔派对创计划,蛋仔乐园畅游激励计划,蛋仔海底大冒险,蛋仔派对海底大冒险","31","1747063760","182","3487","5981046"
"小嘉宾说游","105523254","https://i0.hdslb.com/bfs/face/f10a800b5cce236402436a16d5f505b128b578e6.jpg","172","手机游戏","http://www.bilibili.com/video/av114711244838341","BV1qwNfz9EH1","地铁上线一周年最初的样子记得吗","谢谢支持","//i1.hdslb.com/bfs/archive/95867bcf7dfaa1bb1b9b0e29617d84a9f498fc8f.jpg","747939","0","4330","和平精英,和平精英破刃行动","0","1750370404","94","1062","2674402"
"蛋仔二师兄","180489560","https://i2.hdslb.com/bfs/face/9d1a5185edd1c5da8aa5f993ecb4da3fbb54f7d5.jpg","172","手机游戏","http://www.bilibili.com/video/av114743255898929","BV1BfKEz7EAj","蛋仔派对：冈易没有告诉过你！这才是哑女小丑被操控的真相！","蛋仔派对：冈易没有告诉过你！这才是哑女小丑被操控的真相！","//i1.hdslb.com/bfs/archive/2ab41af4f2fd035d00076a93b16dd3efd79164df.jpg","474156","22","3081","游戏实况,游戏日常,蛋仔派对,蛋仔女孩,蛋仔剧场,蛋仔派对发起人,蛋仔奇思妙想计划,蛋仔派对三周年,蛋仔派对创计划,ootd小剧场","14","1750843261","144","598","2201545"
"武子弈","237533871","https://i0.hdslb.com/bfs/face/1ae588a38fa7cc7a8154ff0f46d2cf57bfc3854a.jpg","172","手机游戏","http://www.bilibili.com/video/av114726025564749","BV1z2NQz6Eys","有你这样谢人的吗？托雷斯怀特！","有你这样谢人的吗？托雷斯怀特！","//i2.hdslb.com/bfs/archive/d85b3e6c3d64335814db45e8a3e3163ad8ea9502.jpg","1382447","250","6919","武子弈,和平精英,地铁逃生","206","1750580502","128","10924","2464304"
"火系背后的爹","360680503","https://i1.hdslb.com/bfs/face/ac4d4ba56bcfe00c700b169dc2908a815dcfea3c.jpg","172","手机游戏","http://www.bilibili.com/video/av1356449094","BV14z421i7Ke","假如原神里的角色也拍短视频【第五期】","动作：我，好的_sir，神樂坂浮沉，RK贝真的很快乐，浮华之世-幽

镜头：我，好的_sir，神樂坂浮沉，RK贝真的很快乐，浮华之世-幽

模型：Mihoyo，神帝宇，观海子，微波叮桃子MMD3DCGParts，キャベツ鉢，葵岚，黄心鬼畜果，101车组

科莱和珐露珊：
①动作镜头：RK贝
②动作配布视频：BV19b421H7Vz
③原梗来自My Little Pony

走路发明之前：BV1Yr42137Fj","//i2.hdslb.com/bfs/archive/a59b934114c5bf6cedfa1fedf49f71aa2ccdeec7.jpg","292358","398","6680","游戏,搞笑,手机游戏,娱乐,逆转裁判,沙雕,整活,原神,原神高能团,原神UP主激励计划4.8","163","1722135901","183","36143","30908911"
"虚无-和平精英","222037579","https://i1.hdslb.com/bfs/face/6c261f469a7256a9ae01fd10474c4ea3b128757e.jpg","172","手机游戏","http://www.bilibili.com/video/av114675190602380","BV1JYMuzcESA","墨守头盔的力量！单排荣都千万撤离教学！","觉得视频做的不错的，希望能点赞投币三连支持一下主播。非常感谢。","//i0.hdslb.com/bfs/archive/036bf3612354fb1e5f44be93fc9f7388583c3738.jpg","3482195","384","110016","游戏解说,高燃,虚无,地铁逃生,对峙前线,和平精英地铁逃生,地铁教学,冰河禁区,和平精英新版本激励活动,烽火荣都","214","1749838865","733","24744","3205947"
"庄先森解说","361108677","https://i0.hdslb.com/bfs/face/6c74da8be9b2bd1a6ae58352d9a33a71795d1d20.jpg","172","手机游戏","http://www.bilibili.com/video/av114696816432956","BV1uVNezgEd6","1-5阶机枪豌豆 VS 1-5阶超级机枪豌豆！谁的机枪更强？","祝点赞三连投币的小伙伴都能欧气满满！","//i1.hdslb.com/bfs/archive/dfa0c45e80e3bbbb2170e741f5ac81cdc59ddc72.jpg","1179765","1515","25080","植物大战僵尸,游戏解说,PVZ,休闲益智,植物大战僵尸2,PVZ2,庄先森解说,神奇的闲鱼","416","1750291632","334","13528","2753180"
"蛋仔灰灰","2029129181","https://i2.hdslb.com/bfs/face/38b38355f13d9d607fa6853599eb2cb89ba1b485.jpg","172","手机游戏","http://www.bilibili.com/video/av114691565164833","BV1B6MezaEUZ","蛋仔派对：全网最离谱的山海经读音！谁在瞎编“偷你急眼”？","蛋仔派对：全网最离谱的山海经读音！谁在瞎编“偷你急眼”？","//i2.hdslb.com/bfs/archive/fea78ee70883cf2d937fbe8dba410702854f2321.jpg","738937","55","4335","游戏实况,竞技游戏,游戏鉴赏家,蛋仔派对,eggy爱挤,蛋仔日常,蛋仔派对创计划,蛋仔乐园畅游激励计划,蛋仔海底大冒险","11","1750065602","111","902","2979210"
"空寂游戏解说","483691927","https://i1.hdslb.com/bfs/face/662e1e96eb7e9eea914d244a8b22f708e9c6a742.jpg","172","手机游戏","http://www.bilibili.com/video/av114742903441046","BV16hKJzsEZe","管你有没有人的，切刀加速冲","-","//i0.hdslb.com/bfs/archive/d6f03a0c88e2cdf58c8e71fb5eefdf72b855017e.jpg","384221","374","2026","FPS,暗区突围,暗区大舞台,暗区整活专题","183","1751004005","299","14115","2040807"
"蛋仔灰灰","2029129181","https://i2.hdslb.com/bfs/face/38b38355f13d9d607fa6853599eb2cb89ba1b485.jpg","172","手机游戏","http://www.bilibili.com/video/av114720858248653","BV1heN2z5EEC","蛋仔派对：没人能猜对山海经的角色！竟然是究极缝合怪？","蛋仔派对：没人能猜对山海经的角色！竟然是究极缝合怪？","//i2.hdslb.com/bfs/archive/8b1e2d1890dfa6690498cd5328f90684c427507e.jpg","1435415","174","11816","游戏实况,竞技游戏,游戏鉴赏家,蛋仔派对,eggy爱挤,蛋仔日常,蛋仔派对发起人,蛋仔派对三周年,蛋仔派对创计划,导演蛋生记","28","1750564818","121","1944","2479994"
"松下千秋77","700516468","https://i1.hdslb.com/bfs/face/1d860b1b059fbcbc09c269b8d7a7e52603b3c283.jpg","172","手机游戏","http://www.bilibili.com/video/av114594139872322","BV1pF7nzREkU","这就是满天赋机甲的压迫感？","-","//i1.hdslb.com/bfs/archive/16389971ee80c4721fd355935b3666c1c82ab9a0.jpg","2995477","249","22368","吃鸡,和平精英,松下千秋,地铁逃生,臭猫扫号日记","135","1748611708","487","8065","4433104"
"蛋仔灰灰","2029129181","https://i2.hdslb.com/bfs/face/38b38355f13d9d607fa6853599eb2cb89ba1b485.jpg","172","手机游戏","http://www.bilibili.com/video/av114232020505515","BV1vRZTYaE1r","蛋仔派对：谁是卧底！主播的发言真是笑死我了！","蛋仔派对：谁是卧底！主播的发言真是笑死我了！","//i0.hdslb.com/bfs/archive/b4e4906f6a3f8f63ef4f56e1f67d91d59f5ab419.jpg","2462268","55","13495","游戏实况,谁是卧底,游戏鉴赏家,蛋仔派对,万物皆可游戏,eggy爱挤,蛋仔日常,蛋仔派对创计划,蛋仔乐园畅游激励计划","17","1743067204","103","2802","9977608"
"及格格一米九","360234219","https://i0.hdslb.com/bfs/face/a0cd09148b124ba127fb479490793eb6e91e1d98.jpg","172","手机游戏","http://www.bilibili.com/video/av114087920993679","BV1PjXRYKE91","王者最特殊的皮肤！官方都没有发布？","希望明年春节不要是我的本命英雄出累充皮肤！","//i0.hdslb.com/bfs/archive/cd34470c1e1645f44f3601fe31851656353d0981.jpg","2574677","257","4436","王昭君,皮肤,曹操,后羿,诸葛亮,伽罗,王者荣耀,星元,累充,万物皆可游戏","993","1741094694","91","33075","11950118"
"摸鱼小无奈","1550137","https://i1.hdslb.com/bfs/face/5c58284df9cfd77c1ad938f5a1ed54407d8a013a.jpg","172","手机游戏","http://www.bilibili.com/video/av114483175360851","BV1whVdz2EqS","【科学忍具】博人全技能脑洞，不用努力也能变强的高端科技！","高端的科技，往往以最朴素的忍术呈现。","//i1.hdslb.com/bfs/archive/a2ade154d5a813ef9751967d31d31ed4620eb19d.jpg","1692348","435","7188","娱乐,火影忍者,技能,格斗游戏,决斗场,手游,脑洞,漩涡博人,火影忍者手游,科学忍具","717","1747430306","177","52549","5614506"
"末于折唯","3537110432745519","https://i0.hdslb.com/bfs/face/dd6b6911790c83ce044c2038aa545f6768e71a61.jpg","172","手机游戏","http://www.bilibili.com/video/av114752013469035","BV18uTAzbEfv","“你能看懂我拉的火吗?”","剪了一晚上，还请各位给个三连给个关注啊求求了","//i0.hdslb.com/bfs/archive/fe7edc0cecb4dfcb39ea548683c4578f07b91675.jpg","448722","164","7977","爱哭鬼,踩点,第五人格,生成火","980","1751191899","79","62997","1852913"
"苏醒游戏解说","331514361","https://i0.hdslb.com/bfs/face/dd578b65eb0a8beaff6f4677c76cf9cfc0ce75b4.jpg","172","手机游戏","http://www.bilibili.com/video/av113964876829844","BV1TSNMegESi","秒6级甲仅需0.3秒钟？这把1万哈夫币的武器太强了！","秒6级甲仅需0.3秒钟？这把1万哈夫币的武器太强了！","//i1.hdslb.com/bfs/archive/2aa03fb82941df68ae9a10447e8a5895ebe83d93.jpg","3691048","682","186060","娱乐,武器,FPS,第一视角,游戏集锦,教程攻略,以小博大,三角洲行动,bilibili新春季,三角洲行动2025新年快乐","2243","1739705088","179","73099","13339724"
"鬼渐van火影","323357649","https://i0.hdslb.com/bfs/face/d39d5d40d9ccb342649923651c37ebd9334b1076.jpg","172","手机游戏","http://www.bilibili.com/video/av114750184883573","BV1FWKfzeEhC","干掉你只需要一首歌的时间","家人们三连投币支持一下","//i2.hdslb.com/bfs/archive/1102480a1bc52ae2fd9e21ed281ce5ea4dc07073.jpg","397721","294","1977","音乐,时间,生活记录,分享游戏故事,整点电子榨菜第22期","361","1750949388","222","25639","2095428"
"蛋仔饭特稀","3493261928827813","https://i1.hdslb.com/bfs/face/12e93f5ca7c0d1d32b57db70d4a2d94c98068a68.jpg","172","手机游戏","http://www.bilibili.com/video/av114748121156657","BV1uvKRzzE9m","蛋仔派对：谁是卧底之多口味的怪味豆！","蛋仔派对：谁是卧底之多口味的怪味豆！","//i0.hdslb.com/bfs/archive/f5e1f0a5b78ff38270f70240548da80216e63a75.jpg","616539","39","2602","谁是卧底,游戏鉴赏家,蛋仔派对,eggy爱挤,蛋仔女孩,蛋仔派对发起人,蛋仔派对三周年,蛋仔派对创计划,导演蛋生记","17","1750933502","92","1195","2111314"
"何必解说","241143019","https://i1.hdslb.com/bfs/face/431c3422d00065639aca53a05a97dff5cd110c36.jpg","172","手机游戏","http://www.bilibili.com/video/av114663413058243","BV1efM7zLEPP","挑战只用荣都地图密码箱，开出的物资赚千万！","挑战只用荣都地图密码箱，开出的物资赚千万！","//i1.hdslb.com/bfs/archive/426c59cd0980b73c3f3eda0da29e1499d6b3ddc1.jpg","1210607","106","6289","挑战,吃鸡,绝地求生,刺激战场,和平精英,地铁逃生","36","1750342802","360","2115","2702023"
"卓龙-国服狂铁","3546870915795500","https://i2.hdslb.com/bfs/face/1523e4437045afed3f1d9dcc8addcba5b0be50fd.jpg","172","手机游戏","http://www.bilibili.com/video/av114513122692680","BV1PsEnzaEeD","你们愿意做我的第一批老粉吗？","-","//i1.hdslb.com/bfs/archive/91b314b13acedb7a2ba1a9e0d7027e044a077bf2.jpg","1342098","411","57841","MOBA,王者荣耀","507","1747597244","96","27228","5447581"
"唔桥","3546849646479560","https://i2.hdslb.com/bfs/face/139787abf4a64bb34d5d804f91372fac2711c8d0.jpg","172","手机游戏","http://www.bilibili.com/video/av114715741131361","BV1UQKPzREAM","其实挺尴尬的","-","//i2.hdslb.com/bfs/archive/20301b7aa0bc2780797d316586e3808c8897929c.jpg","476825","0","3278","搞笑,MOBA,王者荣耀","0","1750423473","86","566","2621352"
"大筒木狗蛋GODER","184304965","https://i1.hdslb.com/bfs/face/e6d54c700f4f72edde75df5698cba54d991d1480.jpg","172","手机游戏","http://www.bilibili.com/video/av114768186711423","BV15f3PzUEeg","小黄原来是射手！一刀秒了有什么好说的！小黄の奇妙攻略【狗家兵法88】","千万不要轻易在排位里尝试！！除非组排！哒咩练英雄！真的超级好玩的套路，射手小黄！
最近先更新短攻略！
下期长攻略大家想看什么可以在评论区留言哦！","//i1.hdslb.com/bfs/archive/56950086b5f30f46c9f2f71a2770aecc86008a15.jpg","317697","384","15712","蛋仔派对,蛋仔派对攻略,蛋仔派对发起人,大筒木狗蛋,蛋仔奇思妙想计划,蛋仔派对三周年,蛋仔派对蜜糖海迷踪#","106","1751242802","108","4392","1802023"
"蛋仔二师兄","180489560","https://i2.hdslb.com/bfs/face/9d1a5185edd1c5da8aa5f993ecb4da3fbb54f7d5.jpg","172","手机游戏","http://www.bilibili.com/video/av113701407429750","BV14HCGYbEq2","蛋仔派对：妈妈一刀刺进我的胸膛，并说到：对不起哥哥要回来了！","蛋仔派对：妈妈一刀刺进我的胸膛，并说到：对不起哥哥要回来了！","//i0.hdslb.com/bfs/archive/95f24b08ac0f5982ddc2f12b54e281ad54b2bf76.jpg","3680643","111","43476","游戏实况,休闲益智,搞笑视频,海龟汤,游戏鉴赏家,蛋仔派对,蛋仔女孩,蛋仔剧场,蛋仔派对创计划,蛋仔派对龙与剑之诗","27","1735104871","141","4960","17939954"
"量子爱丽丝","403122816","https://i0.hdslb.com/bfs/face/24117c305fb6a645967aa60ee68ec5bae461ffc6.jpg","172","手机游戏","http://www.bilibili.com/video/av1504407823","BV17D421N7f5","ML人金曲-麻辣的火锅","原曲：《怒放的生命》-汪峰
扒谱：冰魄魂
填词：量子少女-曹宪
剪辑：量子少女-曹宪
AI歌手：崔璨","//i0.hdslb.com/bfs/archive/6b4d54fae20083c15fdc6e75c73f0922e1a4ab10.jpg","37184","107","1380","音乐,麻辣,AI歌手,原神,尘白禁区,尘白禁区创作者激励计划","337","1739604103","277","3920","13440722"
"飞段不是蛋","3493285804902891","https://i0.hdslb.com/bfs/face/29a5ac8bb1c1cb1a166c9417054fb5504c576eaf.jpg","172","手机游戏","http://www.bilibili.com/video/av114767062637873","BV1oa3Az7EhC","请找出视频中的人类","","//i2.hdslb.com/bfs/archive/4034352478a46962d64e42fde96a9cba32dc6930.jpg","668293","220","3507","搞笑,娱乐,火影忍者,格斗游戏,决斗场,火影忍者手游,KPL激励计划,2025KPL激励计划·夏季赛第一期","231","1751206483","115","32172","1838342"
"一克麻辣毛蛋儿","1912249087","https://i1.hdslb.com/bfs/face/9f6a0fe7da3512eaf0773bf7a162cc233b7e3c32.jpg","172","手机游戏","http://www.bilibili.com/video/av114147731707303","BV1KyQJYKE8E","蛋仔派对：30人的不默契挑战！这也太好玩了！","蛋仔派对：30人的不默契挑战！这也太好玩了！","//i0.hdslb.com/bfs/archive/c1f56dac1f95ed7a8c29ffed487f954d9e7ae21b.jpg","6664634","114","47712","搞笑视频,竞技游戏,蛋仔派对,万物皆可游戏,蛋仔日常,蛋仔女孩,蛋仔剧场,蛋仔实况,蛋仔派对创计划,蛋仔乐园畅游激励计划","54","1742013750","213","7144","11031082"
"梓谦joke","3546836180666722","https://i1.hdslb.com/bfs/face/98486fbd50f8910fb4d6e13e40c5d144578a0928.jpg","172","手机游戏","http://www.bilibili.com/video/av114765603014169","BV1VUgZzwEDn","真正想赢的人脸上是不会有笑容","-","//i1.hdslb.com/bfs/archive/a97d05d14c13fc315fa8071e07875dea3c1578b6.jpg","585729","108","1231","坚持不懈,真正想赢的人","290","1751184185","84","9797","1860647"
"大鱼游戏队长","3461573769169342","https://i1.hdslb.com/bfs/face/d5666f8baf44bd1d5df8837c9ea91342f91a4f5d.jpg","172","手机游戏","http://www.bilibili.com/video/av114240895582289","BV1AZooYSEVG","蛋仔派对：盘点蛋仔2025年那些超红温的地图，这一张高手来了也红温！！！","蛋仔派对：盘点蛋仔2025年那些超红温的地图，这一张高手来了也红温！！！","//i1.hdslb.com/bfs/archive/68a5ec3279ed3f3c4ab21d483ec214173ae457e7.jpg","2081004","97","130199","游戏鉴赏家,云视听小电视,蛋仔派对,蛋仔派对发起人,蛋仔派对宝藏乐园地图,#蛋仔旅行家,蛋仔派对创计划","10","1743433086","186","11428","9611746"
"武子弈","237533871","https://i0.hdslb.com/bfs/face/1ae588a38fa7cc7a8154ff0f46d2cf57bfc3854a.jpg","172","手机游戏","http://www.bilibili.com/video/av114461364982642","BV1bCVpzbEA3","自律的大粉耗子！空投砸脸抓全装！","","//i1.hdslb.com/bfs/archive/761f07fd8641abe9909bf9d18d8e6de4d3d3a93f.jpg","1973077","407","20477","武子弈,和平精英,地铁逃生,和平精英地铁逃生,和平精英新版本激励活动","240","1746671114","197","9501","6373718"
"橙小染i","3493140856047972","https://i0.hdslb.com/bfs/face/202195ab3a77b2ecc442c41d107722b1fe24c208.jpg","172","手机游戏","http://www.bilibili.com/video/av114647826960447","BV1NqTRzwEyw","全  都  是  好  样  的【庄园感人短片#147】","有搞笑的下饭的素材都可以来投稿

投稿企鹅群：1006738881","//i0.hdslb.com/bfs/archive/4b10d7766687f67d7bc53d6507926ce1ddfa983a.jpg","645824","190","7243","搞笑,感人,第五人格,都是好样的,第五人格新星团","167","1749991899","79","43693","3052933"
"罗修大美丽","37886038","https://i1.hdslb.com/bfs/face/be474f8f0e7a49321b635440346742c0e0ee2b90.jpg","172","手机游戏","http://www.bilibili.com/video/av114762499231329","BV1bTg9zCEzm","蛋仔派对：我玩逃出惊魂夜玩红温了！这才是真正修机位该做的事！","蛋仔派对：我玩逃出惊魂夜玩红温了！这才是真正修机位该做的事！
蛋仔派对：我玩逃出惊魂夜玩红温了！这才是真正修机位该做的事！","//i0.hdslb.com/bfs/archive/53368f24dab32fc0630847945ebba4bfdbe2034e.jpg","406397","130","3637","搞笑,派对,游戏解说,惊魂夜,教程攻略,蛋仔,蛋仔派对,红温,蛋仔奇思妙想计划,蛋仔派对三周年,逃出惊魂夜","93","1751162414","660","872","1882418"
"游小浪Game","318488460","http://i0.hdslb.com/bfs/face/edce1a9d8b1ce6663aed43e9d7ce61cb74f11875.jpg","172","手机游戏","http://www.bilibili.com/video/av113729727369986","BV14ZChY2EJt","蛋仔派对：盲猜？箱子里有什么？我输的好彻底呀！","蛋仔派对：盲猜？箱子里有什么？我输的好彻底呀！","//i2.hdslb.com/bfs/archive/f88d277f2f227bbf54c23e7538fafc8ff2334232.jpg","4297186","75","10138","休闲游戏,蛋仔剧场,蛋仔派对发起人,蛋仔派对宝藏乐园地图,蛋仔派对乐园畅游激励计划","33","1735377967","258","2077","17666865"
"武子弈","237533871","https://i0.hdslb.com/bfs/face/1ae588a38fa7cc7a8154ff0f46d2cf57bfc3854a.jpg","172","手机游戏","http://www.bilibili.com/video/av114284818338371","BV1s6RoY5EHd","卧底遇最好的大哥！0杀赚709万！","卧底遇最好的大哥！0杀赚709万！","//i1.hdslb.com/bfs/archive/b9ce33f8898846d014e4175e1a4e9b36cae36cf2.jpg","6324528","419","110598","武子弈,和平精英,地铁逃生","365","1743942746","266","24084","9102092"
"小乖-战神乖","261228654","https://i0.hdslb.com/bfs/face/15bb8abb6b885943ecc51862c1e8433cd423a585.jpg","172","手机游戏","http://www.bilibili.com/video/av114273040732891","BV14yZmYhE5G","【地铁逃生】全网最破产的豪猪！究极破产仓库0存款！","全网最破产的豪猪！究极破产仓库0存款！","//i0.hdslb.com/bfs/archive/ea132d639121c6d749d74b25f6662a871edcc39e.jpg","2009426","69","7343","地铁逃生","47","1743670028","301","3402","9374810"
"若牛牛","1701688007","https://i2.hdslb.com/bfs/face/71b5a7bd7d207b93a418690bcbcb77d261b81f38.jpg","172","手机游戏","http://www.bilibili.com/video/av114228044237130","BV1hWoqY3ES7","这才是游戏里最绝望的时候!","-","//i0.hdslb.com/bfs/archive/a2db8ddf27eed03527d5ea940f8d87cf34bd1c68.jpg","3394088","47","4576","搞笑,吃鸡,和平精英2025游戏实况！","14","1742981965","63","4015","10062873"
"武子弈","237533871","https://i0.hdslb.com/bfs/face/1ae588a38fa7cc7a8154ff0f46d2cf57bfc3854a.jpg","172","手机游戏","http://www.bilibili.com/video/av114296075915390","BV1dZR1YAEq2","鼠鼠的春天！白捡金光赚540万！","鼠鼠的春天！白捡金光赚540万！","//i0.hdslb.com/bfs/archive/5bf233a6fb29df4e4fbbc825d64530421ea3a0f3.jpg","1776268","260","12140","武子弈,和平精英,地铁逃生","294","1744130079","169","11912","8914759"
"小o来也","3493140732315809","https://i2.hdslb.com/bfs/face/2625a7f2515d43409a5af75c89182e4ac183009a.jpg","172","手机游戏","http://www.bilibili.com/video/av113587892783077","BV17xz1YcEE5","坏了磁铁扔歪了 雕刻家：哪里的话","-","//i1.hdslb.com/bfs/archive/3ed0d072a46918b38eac593942170646e66f4ff5.jpg","374125","6","4112","第五人格喧嚣再起","39","1733213942","67","7638","19830896"
"何必解说","241143019","https://i1.hdslb.com/bfs/face/431c3422d00065639aca53a05a97dff5cd110c36.jpg","172","手机游戏","http://www.bilibili.com/video/av114545032954126","BV1tcJzz9Eca","挑战随机一个武器箱加物资箱，开的装备荣都赚千万！","挑战随机一个武器箱加物资箱，开的装备荣都赚千万！","//i0.hdslb.com/bfs/archive/f5ada0bafc7308cdda7e1106717c1a4014d13501.jpg","1083217","38","1795","挑战,吃鸡,绝地求生,刺激战场,和平精英,地铁逃生","9","1748253604","294","1983","4791244"
"Kx-Qiii","122468646","https://i0.hdslb.com/bfs/face/ca14ba62f8b6994a44f9c84f87fd61871df6b8e1.jpg","172","手机游戏","http://www.bilibili.com/video/av114760368523323","BV1GLK2znEJQ","酒神猫猫吸引人的原因～","酒神猫猫吸引人的原因～

bgm:BV1zN411w7EG","//i2.hdslb.com/bfs/archive/c199d6cbf6be4d30086819b17959b4a69e1aa750.jpg","580288","92","8937","猫猫,小动画,酒神,傀影,泰拉探索协会,明日方舟创作者应援计划,傀影与猩红孤砖,金酒之杯,oiaiooooiai,明日方舟UP主应援计划 – 红丝绒","359","1751161837","46","53096","1883011"
"-无处不在的Bug","255235403","https://i2.hdslb.com/bfs/face/9703ff4ddc53f31b33f9d75ce106be72a9cc20fc.jpg","172","手机游戏","http://www.bilibili.com/video/av114777531616202","BV1PDgSzZERU","蛋仔派对：盘点蛋仔最丑的背饰！不会是你最喜欢的吧？","蛋仔派对：盘点蛋仔最丑的背饰！不会是你最喜欢的吧？","//i0.hdslb.com/bfs/archive/4ed319e1b39cc6e4f4289c2203eca69f047cd5f1.jpg","995373","241","4822","游戏解说,游戏实况,蛋仔派对,eggy爱挤,蛋仔派对发起人,蛋仔派对三周年,蛋仔派对创计划,蛋仔鉴赏家,导演蛋生记","100","1751366409","141","1935","1678439"
"蛋仔灰灰","2029129181","https://i2.hdslb.com/bfs/face/38b38355f13d9d607fa6853599eb2cb89ba1b485.jpg","172","手机游戏","http://www.bilibili.com/video/av114254602573804","BV1bhZCY9Eac","蛋仔派对：凭什么我是卧底？主播脑子转的太快了！","蛋仔派对：凭什么我是卧底？主播脑子转的太快了！","//i1.hdslb.com/bfs/archive/68473cbf96c0ca5b736dfa960ee856170caadc2f.jpg","1681953","34","6617","游戏实况,谁是卧底,游戏鉴赏家,蛋仔派对,万物皆可游戏,eggy爱挤,蛋仔日常,蛋仔派对创计划,蛋仔乐园畅游激励计划","8","1743412803","84","2049","9632045"
"蛋仔饭特稀","3493261928827813","https://i1.hdslb.com/bfs/face/12e93f5ca7c0d1d32b57db70d4a2d94c98068a68.jpg","172","手机游戏","http://www.bilibili.com/video/av114657708738591","BV1UCTkzBEQG","蛋仔派对：女巫的毒药！剧毒版！","蛋仔派对：女巫的毒药！剧毒版！","//i1.hdslb.com/bfs/archive/509a64f47717ead5aea11018491eaa1c80e6997d.jpg","1625476","100","11382","游戏鉴赏家,蛋仔派对,eggy爱挤,蛋仔女孩,女巫的毒药,蛋仔剧场,蛋仔派对创计划,蛋仔乐园畅游激励计划,蛋仔海底大冒险,蛋仔派对海底大冒险","30","1749546602","377","1664","3498246"
"王者鲁班君","2023198963","https://i1.hdslb.com/bfs/face/d29ec45d91ae6224161cba7aa84527ca049a29e1.jpg","172","手机游戏","http://www.bilibili.com/video/av114509851136562","BV1ZnEkzCEaJ","达摩:走不通的路，那就用拳头来打开！","-","//i1.hdslb.com/bfs/archive/01b47b322ffc53ca7efd92a6554114b33a1e4a35.jpg","2341203","19","22159","王者荣耀五五开黑节","6","1747444763","607","4696","5600085"
"破竹残羽Jalen","84222265","https://i1.hdslb.com/bfs/face/23f9a2dfaeaf15e9720d2a79cc21b93c450b6164.jpg","172","手机游戏","http://www.bilibili.com/video/av114721764152716","BV1m7N1zKE16","【Zc/趣事】回应自己被贴吧神人造谣PC：本来想无视这件事的，可他实在太搞笑了！","素材为2025年6月21日直播切片
主播：@魔法Zc目录  
主播个人空间传送门：https://space.bilibili.com/13164144/
主播直播间传送门：https://live.bilibili.com/721","//i1.hdslb.com/bfs/archive/572cf80ff4140166ea513faf671e4b4f76044437.jpg","411495","148","2419","搞笑,沙雕,切片,Zc,魔法Zc目录,明日方舟,寒哥,绝命笋干,明日方舟仙术杯,冠军厨,明日方舟仙术杯#7","1869","1750533713","135","19825","2511135"
"-无处不在的Bug","255235403","https://i2.hdslb.com/bfs/face/9703ff4ddc53f31b33f9d75ce106be72a9cc20fc.jpg","172","手机游戏","http://www.bilibili.com/video/av114730505080046","BV1t3KbzFECR","蛋仔派对：曾经火遍全网的乐园作者！你不会没玩过他们的地图吧？","蛋仔派对：曾经火遍全网的乐园作者！你不会没玩过他们的地图吧？","//i1.hdslb.com/bfs/archive/476e2ca9a94eafb6439c3b6b380e88414c697e57.jpg","1295768","240","42374","游戏解说,游戏实况,蛋仔派对,eggy爱挤,蛋仔派对发起人,蛋仔派对三周年,蛋仔旅行家,蛋仔派对创计划,蛋仔鉴赏家,导演蛋生记","81","1750904918","137","6775","2139930"
"虚无-和平精英","222037579","https://i1.hdslb.com/bfs/face/6c261f469a7256a9ae01fd10474c4ea3b128757e.jpg","172","手机游戏","http://www.bilibili.com/video/av114703527384099","BV1q4NjzqEJ4","地铁一图博尔特，最适合新手的打法，学会1天赚1亿地铁币！","觉得视频做的不错的，希望能点赞投币三连支持一下主播。非常感谢。","//i2.hdslb.com/bfs/archive/af4c8f0df24a3a919cd6e0bcdcce691e69ed797c.jpg","544346","220","20290","游戏解说,高燃,虚无,和平精英,地铁逃生,对峙前线,地铁教学,冰河禁区,烽火荣都,神奇的闲鱼","132","1750320353","547","4125","2724498"
"武子弈","237533871","https://i0.hdslb.com/bfs/face/1ae588a38fa7cc7a8154ff0f46d2cf57bfc3854a.jpg","172","手机游戏","http://www.bilibili.com/video/av114539228042397","BV1znJtz3Ecb","卧 底 520 的 爆 率 ！","卧 底 520 的 爆 率 ！","//i1.hdslb.com/bfs/archive/6cc9a9a4de383b3cdd384e8db8d2a1455f6b54dc.jpg","2621710","1305","31877","武子弈,和平精英,地铁逃生,和平精英地铁逃生,和平精英新版本激励活动","201","1747812825","207","9432","5232026"
"哇周某人","175333301","https://i2.hdslb.com/bfs/face/a7670c1831893164c62a65a2fa244f337389e748.jpg","172","手机游戏","http://www.bilibili.com/video/av113357810043626","BV1kA1cYfE8i","安可的角色塑造太好了！“这次的故事，一定会是个幸福的结局…”【鸣潮】","“这是一个非常幸福的故事……”
这首《天亮了》与安可适配度拉满！
非常非常非常用心剪的一期视频，工程量很大！不想凉了……想让更多人知道鸣潮，想上个推荐，希望路过的你能一链三连吧，感谢大家的支持！
审核辛苦啦！给点流量吧～
【视频素材】：1.3安可伴星任务、《鸣潮》安可展示PV、安可游戏剧情
【音乐素材】：天亮了——韩红","//i1.hdslb.com/bfs/archive/08ef8b82ab76b9cdca10f534e16c413d332b2c48.jpg","286444","605","6040","动作游戏,二次元,手机游戏,GMV,开放世界,游戏鉴赏家,鸣潮,鸣潮安可,鸣潮创作激励计划,安可伴星任务,鸣潮1.3版本创作激励计划","1696","1730092857","207","25826","22951994"
"一克麻辣毛蛋儿","1912249087","https://i1.hdslb.com/bfs/face/9f6a0fe7da3512eaf0773bf7a162cc233b7e3c32.jpg","172","手机游戏","http://www.bilibili.com/video/av114594693520282","BV1zt7Jz2E7o","蛋仔派对：用AI生成美女图片说是我表妹，介绍给单身多年的朋友！","蛋仔派对：用AI生成美女图片说是我表妹，介绍给单身多年的朋友！","//i0.hdslb.com/bfs/archive/fdf70ec2167f3517363455d93512be6826a2027b.jpg","4734065","123","37217","AI,搞笑视频,竞技游戏,蛋仔派对,蛋仔日常,蛋仔女孩,蛋仔实况,蛋仔派对创计划,蛋仔乐园畅游激励计划,蛋仔海底大冒险,蛋仔派对海底大冒险","46","1748783962","264","5947","4260889"
"饭影富岳","243834913","https://i1.hdslb.com/bfs/face/2f06246504e70420a4b5fe839383d25252cd4d09.jpg","172","手机游戏","http://www.bilibili.com/video/av114658212053045","BV1uPTkzKEuj","在机密开430万的东楼经理室！是否能出非洲之心？","","//i2.hdslb.com/bfs/archive/07be5ad753caab4fc16d7fcaaea5a46ab5821136.jpg","704016","1077","3905","非洲之心,三角洲行动,零号大坝,东楼经理室,epzgm50,三角洲行动5月激励计划,猛攻三角洲黑夜之子新赛季","837","1749546103","603","11164","3498748"
"霍宝Moira","12344893","https://i1.hdslb.com/bfs/face/a4a32ffba74339f7357336341f4bdba7928061c7.jpg","172","手机游戏","http://www.bilibili.com/video/av114760133777692","BV12hK2zgEW2","当我解锁白厄120超广角...解析最顶级的秘密！","慢·镜·美·学(ᐢ◡ᐢ)ᐟ❤️..你可以永远相信UP选曲x想法呐~感激...每一位朋友！(喜欢可以关注我呐！！~~
BGM:βios

来了！！自由视角下的白厄！....什么叫天神级别的特效啊！","//i2.hdslb.com/bfs/archive/ff7dc14a8f80d894518bf777102de80af4d12892.jpg","1114872","11299","24965","原创,手机游戏,特效,GMV,解密,混剪,星铁,白厄,崩铁,创作体验服","1405","1751295127","74","113646","1749724"
"赵小天咯","50001728","https://i2.hdslb.com/bfs/face/08b4694637b510ee9c133ec2ba0d6b38f338d0ee.jpg","172","手机游戏","http://www.bilibili.com/video/av114657960463459","BV1j4TkznEdb","只用被削弱的忍者上段！#2","最近好像一个百战水都没有碰到
求点赞！求硬币！求关注！
安诺因N20专利：
ZL201810907595.7
ZL201810908060.1
ZL201821536056.9
ZL201821537937.2
ZL201821537938.7
ZL201821548387.4
ZL201911221589.7
ZL201911223035.0
ZL201922164341.3
ZL201922164185.0
ZL201922164144.1","//i1.hdslb.com/bfs/archive/f5b39cb03b31337b4e7f02d33ff4e406fbe3b9b5.jpg","592628","1008","3611","搞笑,手机游戏,火影忍者,宇智波带土,波风水门,格斗游戏,决斗场,火影忍者手游","385","1749740551","987","18600","3304300"
"望羡如一","22233466","https://i1.hdslb.com/bfs/face/e98e22bc523d4c5f861b3c5cc44bffa13b595fd1.jpg","172","手机游戏","http://www.bilibili.com/video/av113802775499383","BV12ccneoEcd","有没有简单又强势的角色推荐一下","","//i0.hdslb.com/bfs/archive/7baf7ed6309060dd9c45cd096c012fc5c80618c2.jpg","164822","103","797","第五人格","138","1736493537","123","14474","16551320"
"龙族卡塞尔之门","1263987303","https://i0.hdslb.com/bfs/face/3189a29eba80895e75be6e404bd0ad516de1140d.jpg","172","手机游戏","http://www.bilibili.com/video/av114775971398985","BV19QgUzMEin","《龙族：卡塞尔之门》「永夜启明之诗」版本PV｜未锈的夏天","全新主题活动「永夜启明之诗」即将于7月4日上线！

我曾戴过千万张面具，
观察你的过往，等你发现真相。
沉默的你静坐我身旁，
请听我诉说 懂我一片真心，
你会在我眼中 看见自己身影。

在这虚妄世界，
你是我最深的执念。 
若我不曾伪装 ，
若你未燃焰光 ，
若怪物动情会怎样，
祈祷你永不发现真相。

愿小屋的微光 ，
永恒闪耀不息。
愿小屋的记忆，
长明不灭与你。

#龙族##龙族卡塞尔之门##龙族夏日限定心跳回忆##龙族防火防盗不防师兄#","//i0.hdslb.com/bfs/archive/eb368991aaad7d2d717e88b6e7a142320571216a.jpg","283206","851","5028","龙族,楚子航,夏弥,楚夏,版本PV,龙族卡塞尔之门,龙族夏日限定心跳回忆,龙族防火防盗不防师兄","785","1751357028","111","14437","1687829"
"ulu秋名山","351170066","https://i2.hdslb.com/bfs/face/32b6040b0f7f439d7753ac248ced80e0395cffd5.jpg","172","手机游戏","http://www.bilibili.com/video/av114420613258470","BV1m5G1z9ErR","爱可菲的五个有趣小知识（创作体验服）","关于爱可菲的一些有趣小知识

视频素材来源创作体验服，具体以正式服内容为准","//i2.hdslb.com/bfs/archive/c9f349b8d45d65c054f5634789c797ab9f86bc30.jpg","1514459","1494","8741","傲娇,体验服,厨娘,甘雨,原神,枫丹,原神UP主激励计划,丝柯克,创作体验服,爱可菲,原神5.6UP主激励计划","2010","1745996039","127","44451","7048818"
"虚无-和平精英","222037579","https://i1.hdslb.com/bfs/face/6c261f469a7256a9ae01fd10474c4ea3b128757e.jpg","172","手机游戏","http://www.bilibili.com/video/av114627878851503","BV1bDTHzVEBC","呜呜呜，我的极品AKS-74U没有了！！！！","觉得视频做的不错的，希望能点赞投币三连支持一下主播。非常感谢。","//i1.hdslb.com/bfs/archive/529761aface9cb1136b742af87544c17a9404bbe.jpg","857654","190","2910","游戏解说,高燃,虚无,和平精英,地铁逃生,对峙前线,和平精英地铁逃生,地铁教学,冰河禁区,和平精英新版本激励活动,烽火荣都","212","1749082971","454","1825","3961886"
"和平精英","434786180","https://i2.hdslb.com/bfs/face/47d051b0feb62ac88c5f0e31e8d63374e52fb8fe.jpg","172","手机游戏","http://www.bilibili.com/video/av114714835227902","BV1KXKwz7EAT","没想到地铁boss的竞争也很激烈......","有没有特种兵想和领主在地铁PK的？
一键三连，鸡仔满足你！","//i2.hdslb.com/bfs/archive/916cf259d017ed7de679c31a58bca0076eae5370.jpg","1579782","326","37259","游戏,手机游戏,FPS,BOSS,电子竞技,手游,突变,整活,地铁逃生,和平精英破刃行动","265","1750466601","163","12059","2578256"
"蛋仔灰灰","2029129181","https://i2.hdslb.com/bfs/face/38b38355f13d9d607fa6853599eb2cb89ba1b485.jpg","172","手机游戏","http://www.bilibili.com/video/av114770216753755","BV1sZg6zwEcd","蛋仔派对：致命的关键词填空！看卧龙凤雏填的离谱答案！","蛋仔派对：致命的关键词填空！看卧龙凤雏填的离谱答案！","//i0.hdslb.com/bfs/archive/bd229adddabf463e7fceef9d6fe7c37f81cd2c7c.jpg","575317","91","12246","竞技游戏,游戏鉴赏家,蛋仔派对,eggy爱挤,蛋仔日常,蛋仔派对发起人,蛋仔派对三周年,蛋仔派对创计划,导演蛋生记","27","1751275202","96","2515","1769655"
"傻蛋子奶酪","1987282286","https://i2.hdslb.com/bfs/face/240a53ecadf4e7960180139e9270256044a605f2.jpg","172","手机游戏","http://www.bilibili.com/video/av113117577151854","BV1Pn4qeuES8","蛋仔派对：看自己以前的黑历史？真的想找个地缝钻进去啊！","蛋仔派对：看自己以前的黑历史？真的想找个地缝钻进去啊！","//i2.hdslb.com/bfs/archive/2e46c706b3aa6a08ac6c5cae47df9bd9b2b7afc6.jpg","4535252","152","50172","实况解说,游戏解说,竞技游戏,游戏鉴赏家,蛋仔派对,蛋仔日常,蛋仔派对创计划,蛋仔S19圆月哥特","97","1726489362","134","7124","26555495"
"卡神bb","508782029","https://i2.hdslb.com/bfs/face/f8a580541568e90f48535c8bb7321b4cd1f77798.jpg","172","手机游戏","http://www.bilibili.com/video/av114568974041359","BV1JAjGzoExd","如何看待小明的爆火和塌房？男人是从什么时候变成舔狗的？","","//i1.hdslb.com/bfs/archive/a5bbf260d9ad4d36e7c01c40c813d9019a5651e9.jpg","5043","9","64","吐槽,爱情,小明,情感,剑魔,渣女,龟男,捞女,舔狗,上B站看播客,爱情那些难题","61","1748186064","335","291","4858793"
"一克麻辣毛蛋儿","1912249087","https://i1.hdslb.com/bfs/face/9f6a0fe7da3512eaf0773bf7a162cc233b7e3c32.jpg","172","手机游戏","http://www.bilibili.com/video/av114639891406762","BV1C1TVzyEu6","蛋仔派对：女巫的毒药！朋友不管什么都说是毒药！","蛋仔派对：女巫的毒药！朋友不管什么都说是毒药！","//i0.hdslb.com/bfs/archive/6af7d3b5e6991ab5d27778de3aacb7168d6ccbe2.jpg","3722719","58","33725","搞笑视频,竞技游戏,蛋仔派对,蛋仔日常,蛋仔女孩,女巫的毒药,蛋仔实况,蛋仔派对创计划,蛋仔乐园畅游激励计划,蛋仔海底大冒险,蛋仔派对海底大冒险","33","1749360893","198","4863","3683964"
"果蝇轰","8469526","https://i1.hdslb.com/bfs/face/5ac66ad440fa2b3650d9bac1def1391d102d1378.jpg","172","手机游戏","http://www.bilibili.com/video/av114653430550697","BV1wuTizBE5K","全网最权威的绝区零2.0美食推荐榜","饿着剪这期视频的，可想而知多折磨人了。","//i0.hdslb.com/bfs/archive/b940cfdd05032e9b08da7fd2771783ee9b3bea6d.jpg","780031","5130","22907","搞笑,手机游戏,爱丽丝,果蝇轰,绝区零,绝区零UP主激励计划,橘福福,仪玄,奥菲丝,浮波柚叶,绝区零 2.0版本UP主激励计划","1457","1749480146","480","67682","3564719"
"巫山云d","219889604","https://i2.hdslb.com/bfs/face/4bac7d3e26c188296bf1739752748f53e8ea0481.jpg","172","手机游戏","http://www.bilibili.com/video/av1351622276","BV1V6421c7ND","coke挑战读弹幕！满屏逆天弹幕和小c 趁机表白最炸裂的一集","-","//i0.hdslb.com/bfs/archive/5e72ad0971a88ed318c759cc63ccc5903cc86596.jpg","418206","308","3232","搞笑,娱乐,宇智波佐助,小猫,火影忍者手游,coke,小c,co老师","236","1709979065","345","21793","43065800"
"和平精英长留白","627723344","https://i2.hdslb.com/bfs/face/564e5a3cfa90d290b263b0607c5dd43cd6409819.jpg","172","手机游戏","http://www.bilibili.com/video/av114262773072907","BV1r6Z8YgEpn","扶贫狡猾的豪猪！成功走进大山！","-","//i0.hdslb.com/bfs/archive/88abca6b948d4f919fdb31694f610153573dae5b.jpg","1890365","38","3476","手机游戏,吃鸡手游,和平精英,地铁逃生,长留白","47","1743512049","216","1683","9532816"
"栗子火影忍者","402969844","https://i1.hdslb.com/bfs/face/31969cc4e4089732d5847a45f58e9839518d42f6.jpg","172","手机游戏","http://www.bilibili.com/video/av114540066899570","BV1RSJbzgEJW","还原动漫的来了","-","//i1.hdslb.com/bfs/archive/c6435343041a4c685689c86e96b11ed1343cf6f5.jpg","1165989","30","2049","旅行随手记","69","1747743223","62","11705","5301642"
"一克麻辣毛蛋儿","1912249087","https://i1.hdslb.com/bfs/face/9f6a0fe7da3512eaf0773bf7a162cc233b7e3c32.jpg","172","手机游戏","http://www.bilibili.com/video/av114680777415940","BV1DeMyzjEe7","蛋仔派对：当我骗朋友这是声控过关的地图，实际却是我暗中操控！","蛋仔派对：当我骗朋友这是声控过关的地图，实际却是我暗中操控！","//i1.hdslb.com/bfs/archive/c254b9d724a142b0393f850cb37adf989d263605.jpg","7902046","278","70387","搞笑视频,竞技游戏,蛋仔派对,蛋仔日常,蛋仔女孩,蛋仔宝藏地图,蛋仔实况,蛋仔派对宝藏乐园地图,蛋仔派对三周年,蛋仔旅行家,蛋仔派对创计划","76","1750070989","257","14909","2973876"
"账号已注销","389974964","https://i0.hdslb.com/bfs/face/member/noface.jpg","172","手机游戏","http://www.bilibili.com/video/av112912525954312","BV11TYPe8E32","不可能做到的挑战","-","//i2.hdslb.com/bfs/archive/c3923b5f6ebfea94665de57222d12de9d2eec0a4.jpg","2532","2","13","挑战","16","1751033551","13","147","2011314"
"宫铃同学","588985253","https://i2.hdslb.com/bfs/face/04c197cd7d928bd67549cd90171cf3edcb1b948c.jpg","172","手机游戏","http://www.bilibili.com/video/av114573671669327","BV1WwjUzPEEq","这是谁的蟑螂车，帮你修一下吧...","","//i0.hdslb.com/bfs/archive/1932ad58d56a8945868952b905a08319bf5570b3.jpg","1055870","169","2301","和平精英","99","1748269140","336","7005","4775725"
"小x文","3079413","https://i0.hdslb.com/bfs/face/2cb54d89e4229f987697fac7a539dddb3f024727.jpg","172","手机游戏","http://www.bilibili.com/video/av113362373444094","BV1xcy6Y6ENo","崩铁编剧太敢写了！改造基因的新人类，每天经受残酷的人体实验！","制作不易，求三连转发评论，谢谢！

关注是我最大的动力

BGM：O Come O Come Emmanuel
色链：忧离-齐墨尘","//i1.hdslb.com/bfs/archive/2df5d454286651f0191ed24b63a9e2d76f2940d3.jpg","122179","256","3556","游戏,手机游戏,实验,剧情,人体,崩坏：星穹铁道,星穹开拓团,星穹铁道列车团,乱破,星穹铁道乱破,崩坏星穹铁道2.6创作者激励计划","255","1729774983","255","4959","23269882"
"-无处不在的Bug","255235403","https://i2.hdslb.com/bfs/face/9703ff4ddc53f31b33f9d75ce106be72a9cc20fc.jpg","172","手机游戏","http://www.bilibili.com/video/av114759764609257","BV172K2zFEWr","蛋仔派对：假如蛋仔的下一个联动由你决定！你最想让冈易联动什么？","蛋仔派对：假如蛋仔的下一个联动由你决定！你最想让冈易联动什么？","//i0.hdslb.com/bfs/archive/09d385906292e5ad20f9f151ed16f3460b506325.jpg","1057320","599","5592","游戏解说,游戏实况,蛋仔派对,eggy爱挤,蛋仔派对发起人,蛋仔派对三周年,蛋仔乐趣多,蛋仔派对创计划,蛋仔鉴赏家,导演蛋生记","343","1751104823","132","2082","1940042"
"何必解说","241143019","https://i1.hdslb.com/bfs/face/431c3422d00065639aca53a05a97dff5cd110c36.jpg","172","手机游戏","http://www.bilibili.com/video/av114601219850281","BV1qf7wzaE1w","挑战用人机爆的装备赚千万！破损M16A4加修复P18C！","挑战用人机爆的装备赚千万！破损M16A4加修复P18C！","//i0.hdslb.com/bfs/archive/53cd16ceb15c6196ec228dd30c16bae7c189f350.jpg","744890","47","1843","挑战,吃鸡,绝地求生,刺激战场,和平精英,地铁逃生","30","1749117605","334","1557","3927268"
"-路人亦ONE-","454639870","https://i1.hdslb.com/bfs/face/aba1f886d37475937ceb5d27b2a0ec60ec309614.jpg","172","手机游戏","http://www.bilibili.com/video/av1856572868","BV1DW421Q7bA","不同人看病的区别！","模型：米哈游/流云景
动作：-路人亦ONE-/芙尔的螺丝-Ful
镜头：-路人亦ONE-/芙尔的螺丝-Ful
渲染节点：Festivize/克里斯提亚娜
工具：Blender/GPT-SoVITS","//i1.hdslb.com/bfs/archive/43421f57d16e4f678d6f4c0248f8ea166d8cefb5.jpg","189618","391","3393","搞笑,刃,游戏鉴赏家,崩坏：星穹铁道,星穹铁道,崩坏星穹铁道,卡芙卡,星穹列车团,椒丘,星穹铁道椒丘,崩坏星穹铁道2.4创作者激励计划","112","1724578702","60","22247","28466171"
"武子弈","237533871","https://i0.hdslb.com/bfs/face/1ae588a38fa7cc7a8154ff0f46d2cf57bfc3854a.jpg","172","手机游戏","http://www.bilibili.com/video/av113673792328205","BV1d7kcYzEKw","M G 3 的 约 定 ！","M G 3 的 约 定 ！","//i1.hdslb.com/bfs/archive/8d1009ec81559a71e538ca8f7032c19be78853ab.jpg","4037234","548","28954","和平精英,地铁逃生,和平精英流浪地球","353","1734621393","356","12596","18423480"
"小菜蛋达达","4959086","https://i2.hdslb.com/bfs/face/99c15ca7e644b8ef010e9731ee435b5ddea734ee.jpg","172","手机游戏","http://www.bilibili.com/video/av114539798468369","BV1yVJ8z9EMh","蛋仔派对：疯狂乱斗之快乐的老六？！","啦啦啦~百心挑战2/100","//i1.hdslb.com/bfs/archive/2e845e1506ea6847b4e09342a0c998445f1b950e.jpg","918128","131","19647","游戏,手机游戏,蛋仔,云视听小电视,蛋仔派对,eggy爱挤,蛋仔派对发起人,蛋仔派对创计划,蛋仔海底大冒险,蛋仔派对海底大冒险","51","1747738711","153","2731","5306162"
"正经GAMER","457790653","https://i1.hdslb.com/bfs/face/bd04a0caeba26a00b5dd3dc46f475a4c15593132.jpg","172","手机游戏","http://www.bilibili.com/video/av113368631350480","BV1ykySYYECy","真是一个大快人心的消息，人贩子豪斯！","支持人贩子死刑的三连让更多人看见","//i1.hdslb.com/bfs/archive/1fb4ff4f96822ccfb564bdc272618912b461523b.jpg","161662","296","345","吐槽,火影忍者,人贩子,拐卖,死刑,火影忍者手游,热点观察局,余华英,资讯直通车4.0","280","1729868659","80","6924","23176214"
"何必解说","241143019","https://i1.hdslb.com/bfs/face/431c3422d00065639aca53a05a97dff5cd110c36.jpg","172","手机游戏","http://www.bilibili.com/video/av114442876487905","BV1cYVHz7EF5","挑战用普通模式里的BOSS，爆的装备荣都赚千万！","挑战用普通模式里的BOSS，爆的装备荣都赚千万！","//i1.hdslb.com/bfs/archive/529ab805ba96f5a5a80768e63580762c0ed55f69.jpg","1205483","54","1096","挑战,吃鸡,绝地求生,刺激战场,和平精英,地铁逃生,万物皆可游戏","14","1746698405","318","771","6346468"
"何必解说","241143019","https://i1.hdslb.com/bfs/face/431c3422d00065639aca53a05a97dff5cd110c36.jpg","172","手机游戏","http://www.bilibili.com/video/av114397796174305","BV1MhLJzZEMg","挑战只用油桶开出的物资，在荣都地图赚百万！","挑战只用油桶开出的物资，在荣都地图赚百万！","//i1.hdslb.com/bfs/archive/84d9ec902f6c6e6f7913c8245e02b29e7a0ecc9f.jpg","1430640","44","2215","吃鸡,绝地求生,刺激战场,和平精英,地铁逃生,万物皆可游戏","13","1745572138","307","1538","7472735"
"烦恼死的夏洛","12075114","https://i0.hdslb.com/bfs/face/2c43d8de5807ce3f10d291c47df540894650d57a.jpg","172","手机游戏","http://www.bilibili.com/video/av114731209788981","BV1pFKtzUEtF","你最喜欢花火的哪种表情？","Model:mihoyo/烦恼死的夏洛
Stage:c753214896
Motion:mihoyo/烦恼死的夏洛","//i2.hdslb.com/bfs/archive/9e3bc99afdb4e9425067478287669173d77cf56d.jpg","608912","138","44120","MMD,花火,4K,MMD·3D,崩坏：星穹铁道,崩坏：星穹铁道创作者激励计划,星穹开拓团,星穹列车团,崩坏星穹铁道3.3创作者激励计划","798","1750956098","13","102447","2088775"
"Parrrrr","4878706","https://i1.hdslb.com/bfs/face/8bf86fba626a305966bcf3378a3f64bc1bdcbf59.jpg","172","手机游戏","http://www.bilibili.com/video/av1355911051","BV1Gz421z7nr","下回谁点的监管谁去溜，耗子为汁！","","//i0.hdslb.com/bfs/archive/cf10609b43921a580bec0f565a03949c07e01804.jpg","51711","137","495","搞笑,下饭,匹配,第五人格,第五人格教授","25","1719421229","603","2582","33623644"
"奔奔解说","99037232","https://i2.hdslb.com/bfs/face/3fdcc02dd6fcb4b1b4117d568e7ab728d0ad7f39.jpg","172","手机游戏","http://www.bilibili.com/video/av114596354460382","BV1Bv7WztEHW","全网封杀的无人局教学！0竞争狂薅1400W撤离，连狗都能毕业","全网封杀的无人局教学！0竞争狂薅1400W撤离，连狗都能毕业","//i0.hdslb.com/bfs/archive/5b53abee4cb8597c03086c578b139f3e69347558.jpg","1449788","69","90449","游戏解说,射击游戏,手游,教程攻略,和平精英,和平精英地铁逃生,和平精英新版本激励活动","263","1748708695","160","14377","4336178"
"一克麻辣毛蛋儿","1912249087","https://i1.hdslb.com/bfs/face/9f6a0fe7da3512eaf0773bf7a162cc233b7e3c32.jpg","172","手机游戏","http://www.bilibili.com/video/av113569874123007","BV1yxzJYNEQG","蛋仔派对：零氪党也能拿下最新至臻？冈易出的白嫖蛋币活动太香！","蛋仔派对：零氪党也能拿下最新至臻？冈易出的白嫖蛋币活动太香！","//i0.hdslb.com/bfs/archive/3f66404ad482ff16f8a52220148802321fd6633c.jpg","3837135","47","129977","搞笑视频,竞技游戏,游戏鉴赏家,蛋仔派对,蛋仔日常,蛋仔女孩,蛋仔剧场,蛋仔实况,蛋仔派对创计划,蛋仔派对龙与剑之诗","29","1733052190","123","12716","19992691"
"小予身法宫本","1541668112","https://i2.hdslb.com/bfs/face/c4fe5f5666d48aa26091665f22d4d0828f79917b.jpg","172","手机游戏","http://www.bilibili.com/video/av114590968974457","BV1vx7LzaEAq","帅气的操作一般都是很难看懂的","-","//i1.hdslb.com/bfs/archive/e1fd76f2955df938c59c9f5718ef35bb5499383c.jpg","983216","104","3620","操作,MOBA,王者荣耀","333","1748519743","41","36815","4525138"
"奔奔解说","99037232","https://i2.hdslb.com/bfs/face/3fdcc02dd6fcb4b1b4117d568e7ab728d0ad7f39.jpg","172","手机游戏","http://www.bilibili.com/video/av113876192464642","BV1k6fBYKEq2","《回忆走马灯》谁又你游戏道路上的引路人呢？还记得吗？","《回忆走马灯》谁又你游戏道路上的引路人呢？还记得吗？","//i2.hdslb.com/bfs/archive/52980fc958aada28d3fa05cffc05c95accc4fa54.jpg","2836275","304","136303","游戏,怀旧,回忆,走马灯,2025哔哩哔哩迎春会,游戏陪我过大年","264","1737864002","84","28186","15180879"
"和平精英KY","691091556","https://i0.hdslb.com/bfs/face/cf16e7391d0273b1e55966f056c4dfd7b7b9bc5b.jpg","172","手机游戏","http://www.bilibili.com/video/av114314178532151","BV1usdLYMEaw","“锁头流”十字架准心诠释真正的爆头美学","“锁头流”十字架准心诠释真正的爆头美学","//i1.hdslb.com/bfs/archive/fbff1f3e2b0158271dea43ba4373da89e2c6464a.jpg","4362103","82","408527","学习,记录,电子竞技,吃鸡,生活记录,和平精英","183","1744367020","64","53766","8677861"
"蛋仔派对bug研究","12149356","https://i1.hdslb.com/bfs/face/a4cb4aa7b41f3e66c7b836c0610bfd0f12450f6c.jpg","172","手机游戏","http://www.bilibili.com/video/av114743306099651","BV1i1KHzXEyp","蛋仔派对：永久冰蛋和巨无霸盲盒！蛋仔近期超火的隐藏玩法！","-","//i0.hdslb.com/bfs/archive/34a2baef586e5079c10f8640d73f3756dcb317e6.jpg","625742","140","39317","冰蛋,教程攻略,bug,游戏鉴赏家,有趣玩法,蛋仔派对,蛋仔派对发起人,蛋仔奇思妙想计划,蛋仔派对三周年,蛋仔派对蜜糖海迷踪,变大玩法","45","1750844255","101","5243","2200626"
"网易逆水寒","21619102","https://i1.hdslb.com/bfs/face/a1b9049256db3dc5a2ddeb13b591144b4e8f3861.jpg","172","手机游戏","http://www.bilibili.com/video/av114737366959667","BV12NK3zgEc4","这么好看的扇子，打人一定很疼吧？","新流派【云瑶】以扇为武器，招式如行云流水，身法似惊鸿照影。现在，一起来品鉴各种独具特色的锦扇吧！","//i2.hdslb.com/bfs/archive/d66e6fd4f9a7e838053df74f048d3f681c312cef.jpg","847412","56","2215","武器,MMORPG,周年庆,逆水寒ol,云瑶,黄金服,锦扇","209","1750775818","138","4729","2269063"
"和平精英","434786180","https://i2.hdslb.com/bfs/face/47d051b0feb62ac88c5f0e31e8d63374e52fb8fe.jpg","172","手机游戏","http://www.bilibili.com/video/av113469479326432","BV16cm8YrExB","地铁BOSS可能是这么想的，但是地铁BOSS这么想不太可能","一键三连把把爆金箱！！！","//i0.hdslb.com/bfs/archive/532514d4e7a99e25f8f508e3b0601db4133b68b6.jpg","7453132","771","128055","游戏,搞笑,电竞,手游,整活,和平精英,和平精英新版本,地铁逃生,和平精英地铁逃生,冰河禁区,和平精英地铁逃生（第一期）","358","1731500154","163","37583","21544735"
"一克麻辣毛蛋儿","1912249087","https://i1.hdslb.com/bfs/face/9f6a0fe7da3512eaf0773bf7a162cc233b7e3c32.jpg","172","手机游戏","http://www.bilibili.com/video/av114719113352941","BV1LjNkzgEeS","蛋仔派对：果然人在干坏事的时候是不会累的，又一整朋友的神图！","蛋仔派对：果然人在干坏事的时候是不会累的，又一整朋友的神图！","//i2.hdslb.com/bfs/archive/5049b8f4be5ea38b2b01f121913333df4363c0fc.jpg","3167168","118","87894","蛋仔派对,蛋仔日常,蛋仔女孩,蛋仔宝藏地图,蛋仔派对发起人,蛋仔实况,蛋仔派对宝藏乐园地图,蛋仔派对三周年,蛋仔旅行家,蛋仔派对创计划,导演蛋生记","84","1750514511","221","14255","2530378"
"和平精英长留白","627723344","https://i2.hdslb.com/bfs/face/564e5a3cfa90d290b263b0607c5dd43cd6409819.jpg","172","手机游戏","http://www.bilibili.com/video/av114296713447772","BV1yHRUYsEHu","扶贫狡猾的豪猪！化身三级鼠鼠猛赚1100万！","-","//i0.hdslb.com/bfs/archive/4074042dd4b8b50b8d60c580d5dd0b409b4b0038.jpg","2186745","17","2434","手机游戏,吃鸡手游,和平精英,地铁逃生,长留白","18","1744029986","249","1599","9014903"
"无我2004","252895081","https://i1.hdslb.com/bfs/face/f53042d015264bfbe08b2157850c70140ca3adbb.jpg","172","手机游戏","http://www.bilibili.com/video/av1106308038","BV19w4m1r7a6","【星露谷物语1.6】晕倒的利用","喜欢我的视频可以收藏合集，里面有简单的分类。
视频攻略以新手知识为主，版本以steam最新游戏版本（1.6版）为准。
游戏问题可以在评论区留言讨论，因本人时间有限，暂不看私信不回评论。
也可以在频道链接内找到qq群入口，在群中询问：https://pd.qq.com/s/9jm8jcyyi","//i2.hdslb.com/bfs/archive/ada8db7478b69a9d02e4b734be494702ce9636e9.jpg","385967","324","1157","手机游戏,单机游戏,游戏攻略,主机游戏,模拟经营游戏,星露谷物语,星露谷,steam,种田游戏,星露谷物语1.6","291","1723737602","470","11396","29307293"
"蓝尾游戏解说","429903323","https://i2.hdslb.com/bfs/face/387f0ec1aed5db744b105e649a6ba40617f37cf9.jpg","172","手机游戏","http://www.bilibili.com/video/av114661903042159","BV1zKM7zDEn1","它们就是异变危机的最强插件组合！瞬间秒杀BOSS","","//i1.hdslb.com/bfs/archive/25dd9e429a3d3770bd64f68cbffe1dfc5f381ad9.jpg","587268","14","47878","皮肤,吃鸡,和平精英,#和平精英PC模拟器,#一起玩和平精英PC模拟器","23","1749673641","61","6879","3371254"
"蓝尾游戏解说","429903323","https://i2.hdslb.com/bfs/face/387f0ec1aed5db744b105e649a6ba40617f37cf9.jpg","172","手机游戏","http://www.bilibili.com/video/av114193197957970","BV1icXPYVEDy","突变团竞新增4个突变者！拟生可以幻化成人类的外观！","","//i2.hdslb.com/bfs/archive/2c98a122b96e3e07e7fbff5ca50fc2f07ca6a74f.jpg","2234270","273","8411","皮肤,爆料,和平精英","152","1742570252","68","8838","10474643"
"温婉贤淑樱岛麻衣学姐","106588811","https://i2.hdslb.com/bfs/face/7345d6801eaca8ca6b69a8b93b5d1f85d8728a26.jpg","172","手机游戏","http://www.bilibili.com/video/av114511797289268","BV1cnE2zcEG3","拍得真好，咱们玩的是同个活动吗？！","","//i2.hdslb.com/bfs/archive/940b9359a562c09ad862785c4742a3b84686637e.jpg","127987","521","1017","娱乐,拍照,游戏杂谈,薇薇安,艾莲,必剪创作,绝区零,绝区零UP主激励计划,绝区零UP主激励计划1.7","202","1747311525","45","8361","5733370"
"罗修大美丽","37886038","https://i1.hdslb.com/bfs/face/be474f8f0e7a49321b635440346742c0e0ee2b90.jpg","172","手机游戏","http://www.bilibili.com/video/av114721294389150","BV1qvN1z9EtW","蛋仔派对神奇艾比：找到捕捉绝佳异色精灵的办法！结果真的抓到彩光隐藏异色！","蛋仔派对神奇艾比：找到捕捉绝佳异色精灵的办法！结果真的抓到彩光隐藏异色！
蛋仔派对神奇艾比：找到捕捉绝佳异色精灵的办法！结果真的抓到彩光隐藏异色！","//i2.hdslb.com/bfs/archive/b67376ab99f440b9ac4805580e797cb1ed5cb208.jpg","442266","191","6638","派对,游戏解说,精灵,结果,竞技游戏,教程攻略,艾比,蛋仔,蛋仔派对,神奇艾比","190","1750658096","516","1615","2386799"
"王者荣耀辣辣","604483362","https://i0.hdslb.com/bfs/face/d2112ba34488d5eaf28efa6d8913a0fa9ad64934.jpg","172","手机游戏","http://www.bilibili.com/video/av113990394978171","BV1SHKVeoEAC","请找出画面中的人类","-","//i2.hdslb.com/bfs/archive/cbbc3ad9f149fb7255cd34663399a13d863af059.jpg","4283469","634","42082","搞笑,司马懿,大乔,MOBA,王者荣耀,王者荣耀辣辣","3859","1739431184","33","270886","13613716"
"一克麻辣毛蛋儿","1912249087","https://i1.hdslb.com/bfs/face/9f6a0fe7da3512eaf0773bf7a162cc233b7e3c32.jpg","172","手机游戏","http://www.bilibili.com/video/av114481380204255","BV1LNVdzeEmP","蛋仔派对：当我把蛋仔新抓捕海瑟的背景，当成故事讲给朋友听！","蛋仔派对：当我把蛋仔新抓捕海瑟的背景，当成故事讲给朋友听！","//i1.hdslb.com/bfs/archive/ff146c992978fd777cd7c530853914fcf3f20428.jpg","1683396","48","22059","搞笑视频,竞技游戏,蛋仔派对,蛋仔日常,蛋仔女孩,蛋仔剧场,蛋仔实况,蛋仔派对创计划,蛋仔乐园畅游激励计划,蛋仔海底大冒险,蛋仔派对海底大冒险","30","1746953556","318","2524","6091344"
"虚环","320070259","https://i1.hdslb.com/bfs/face/03a934aefe4d871e8b4bb50c45dabd7101e12cc9.jpg","172","手机游戏","http://www.bilibili.com/video/av112899943041828","BV1WcvdeVEvo","《虚环》首曝PV|V圈的历史由你来重写！","《虚环》是一款专属于V圈的强战斗演出策略养成游戏。
游戏中登场的少女，在本位面中都是名动一方的V圈主播；但在名为虚环的平行世界中，她们却是改变世界的战斗偶像。
在游戏中，你可以养成战队，构建阵容，与伙伴们穿梭于充满“如果”的时空，与来自不同队伍的传奇偶像一争高下！
《虚环》已上线Bilibili游戏中心，欢迎大家关注：https://www.biligame.com/detail/?id=111937","//i2.hdslb.com/bfs/archive/4cb6edab5531b3cb4c8dbcfedaa624fcacc8c9d4.jpg","7379287","32602","67186","游戏,手机游戏,虚拟偶像,策略游戏,养成游戏,V圈,虚拟主播,VTuber,动作战斗,如果VUP是一档游戏","57327","1722846181","376","263755","30198719"
"何必解说","241143019","https://i1.hdslb.com/bfs/face/431c3422d00065639aca53a05a97dff5cd110c36.jpg","172","手机游戏","http://www.bilibili.com/video/av114641518724407","BV1CFT1zvEJz","挑战只用文件柜开出的物资，在荣都地图赚千万！","挑战只用文件柜开出的物资，在荣都地图赚千万！","//i1.hdslb.com/bfs/archive/7f3f1fc21358e308cd8b5708faedab54417b07cf.jpg","543633","58","950","吃鸡,绝地求生,刺激战场,和平精英,地铁逃生","18","1749722415","319","1096","3322485"
"吹散z","1441572748","https://i1.hdslb.com/bfs/face/69df86a388b1504509549a4cd4daba3321b5d435.jpg","172","手机游戏","http://www.bilibili.com/video/av114192677864813","BV1gRXPYTEjK","我有着绝对不能输的理由","七周年主播投票 请帮帮主播！https://b23.tv/IkWaQQu
下滑-实况赛道-吹散z 每天有一票 能投三票更是感激不尽
直播赛道的投票大家可以投给夜幽 请支持我们疯子四排！

Bgm：ninelie-Aimer/chelly
Towards the Light-Jacoo","//i0.hdslb.com/bfs/archive/24b3cefb981f5c4a061e7b2548113e3bbc45abc3.jpg","2451417","1343","42530","手机游戏,先知,第五人格,吹散z,第五人格新星团,第五人格七周年","1485","1742454807","389","129575","10590093"
"和平精英","434786180","https://i2.hdslb.com/bfs/face/47d051b0feb62ac88c5f0e31e8d63374e52fb8fe.jpg","172","手机游戏","http://www.bilibili.com/video/av114358134773201","BV1395jzHEk1","摩尔根上将：这一世，我终于拿回属于我的一切！","一键三连！帮助黑爪男团立马出道！","//i1.hdslb.com/bfs/archive/c572852ba17dab83a68a4df8fff6ba15bd0c0f29.jpg","1959155","170","69255","游戏,搞笑,手机游戏,FPS,电子竞技,手游,整活,和平精英,地铁逃生,和平精英破刃行动,和平精英4月激励活动","235","1745018154","162","16689","8026746"
"是快乐小奥比","1084053561","https://i0.hdslb.com/bfs/face/843f46841680e7a169553fca3b262d4f36ce72ed.jpg","172","手机游戏","http://www.bilibili.com/video/av114520571844443","BV1wYEazdESM","同一阵营？好势均力敌的关系","-","//i0.hdslb.com/bfs/archive/cdf460268a7ca16477f94d3d04b85233b5606d17.jpg","1589654","48","29149","可爱,双马尾,换装游戏,奥比岛,穿搭游戏,奥比岛穿搭","18","1748778366","215","4363","4266534"
"陌幽幽子","32711466","https://i0.hdslb.com/bfs/face/2fc79e709c0acbac2cef519aa3ccfda05acbe01c.jpg","172","手机游戏","http://www.bilibili.com/video/av113360930608121","BV1xU1NYyEUS","疑似追逐战被秦梧抓住后的调情","-","//i1.hdslb.com/bfs/archive/fb2d2fb9e01ba5f3a66f7e927f4f67cf24e1dc3f.jpg","34255","0","1007","捉鬼师后日谈,秦梧","34","1729750795","24","1698","23294108"
"那啥的青年","6166870","https://i1.hdslb.com/bfs/face/a1179761414a05c5bb28d4b936c577f05af6e03f.jpg","172","手机游戏","http://www.bilibili.com/video/av114503895291163","BV1XZEezjEgS","我的狼姨","借物表
----------------------------------
模型：钟荟 / 神帝宇 / miHoYo
场景：克里斯提亚娜 / miHoYo
道具：101车组
渲染预设：小二今天吃啥啊
语音：https://acgn.ttson.cn/","//i0.hdslb.com/bfs/archive/c1fbf689d3c020f4b605828c876458b7eb8da02a.jpg","984573","150","26556","星,银狼,崩坏：星穹铁道,卡芙卡,崩坏：星穹铁道创作者激励计划,星穹列车团,翁法罗斯之旅,走过安眠地的花丛,崩坏星穹铁道3.2创作者激励计划","544","1747233070","16","137064","5811833"
"谁不重要i","1910020454","https://i2.hdslb.com/bfs/face/d062d8c6efd378f88e106cdfb55d8b3d5cda8d01.jpg","172","手机游戏","http://www.bilibili.com/video/av114744027520340","BV1fZKnzREvL","三国杀的好兄弟来了！居然承诺零氪能玩？","审核辛苦","//i0.hdslb.com/bfs/archive/fc7bcab9c09f7236dfcf79545410c7ba2b3e58bc.jpg","629453","444","2018","卡牌游戏,手游,指间山海,指间山海626公测,万物有灵山海同行,指间山海概念pv上线,指间山海公测开启","471","1750949820","363","18104","2095083"
"何必解说","241143019","https://i1.hdslb.com/bfs/face/431c3422d00065639aca53a05a97dff5cd110c36.jpg","172","手机游戏","http://www.bilibili.com/video/av114437021240107","BV1WxVgzpErq","挑战用每周段位物资箱，开出的装备荣都赚百万！","挑战用每周段位物资箱，开出的装备荣都赚百万！","//i0.hdslb.com/bfs/archive/43d924db4de535082083b4d87d90f02ee0c33a98.jpg","1691963","17","2953","挑战,吃鸡,绝地求生,刺激战场,和平精英,地铁逃生,万物皆可游戏","15","1746612005","373","1059","6432898"
"胜利女神新的希望","3546733590087876","https://i0.hdslb.com/bfs/face/8bddb527d162d60c63439d0bdf07c1920d5e8a0b.jpg","172","手机游戏","http://www.bilibili.com/video/av114509431707542","BV14WECzhEUa","《胜利女神：新的希望》上线PV「希望，启自黎明」","身处在黑暗的地下卧薪尝胆、忍辱负重的日子，终于要结束了。
就是现在，让我们重新夺回曾经属于我们的广阔天地！
为了让敌人吞下败北，为了让方舟迈向胜利！
指挥官，我早已做好准备，哪怕牺牲也在所不惜！

✦《胜利女神：新的希望》现已在全平台正式上线！登录活跃领取总计超330抽招募资源、3位SSR妮姬、全新时装「普丽瓦蒂·浮青行迹」等超丰厚福利！
✦ 前往官方动态还可参与丰富抽奖活动，赢取金条、PS5、周边等好礼！","//i0.hdslb.com/bfs/archive/8ef7540a05332990cb13efe6a47701ebd86402f6.jpg","3513161","249","13117","游戏,二次元,手机游戏,美少女,RPG,射击,妮姬,胜利女神,NIKKE,胜利女神新的希望","2699","1747880011","85","57533","5164892"
"问溯ovo","629105769","https://i0.hdslb.com/bfs/face/fc1b7fcdb210a2355637e0a739ac8267700242a9.jpg","172","手机游戏","http://www.bilibili.com/video/av1250692865","BV1tJ4m1W7Sz","最有关系的一集","-","//i2.hdslb.com/bfs/archive/18982eb728a4c0d30708b9cfe572f51be1a373eb.jpg","113770","131","833","竞技游戏,第五人格,下饭操作,第五人格五龙迎春","161","1708160797","176","17067","44884106"
"一克麻辣毛蛋儿","1912249087","https://i1.hdslb.com/bfs/face/9f6a0fe7da3512eaf0773bf7a162cc233b7e3c32.jpg","172","手机游戏","http://www.bilibili.com/video/av114544244494908","BV1UoJizUEZX","蛋仔派对：玩加字游戏这一块，他是无敌的存在！","蛋仔派对：玩加字游戏这一块，他是无敌的存在！","//i1.hdslb.com/bfs/archive/929a2b31e021ec96c3cdcb2fd87e56a63d1c541f.jpg","1847324","83","22489","搞笑视频,竞技游戏,蛋仔派对,蛋仔日常,蛋仔女孩,蛋仔剧场,蛋仔实况,蛋仔派对创计划,蛋仔乐园畅游激励计划,蛋仔海底大冒险,蛋仔派对海底大冒险","22","1747819204","105","3071","5225699"
"蛋仔二师兄","180489560","https://i2.hdslb.com/bfs/face/9d1a5185edd1c5da8aa5f993ecb4da3fbb54f7d5.jpg","172","手机游戏","http://www.bilibili.com/video/av114664033753560","BV1TEMnzgEHH","蛋仔派对：可以写进期末作文的惊魂语录，随便一句让你得满分！","蛋仔派对：可以写进期末作文的惊魂语录，随便一句让你得满分！","//i0.hdslb.com/bfs/archive/3d77dd81d3e5979bd510d2a8f8b27b05d5beb9b6.jpg","1307859","26","103126","游戏实况,游戏日常,游戏鉴赏家,蛋仔派对,蛋仔女孩,蛋仔剧场,蛋仔派对创计划,蛋仔派对逃出惊魂夜,ootd小剧场,蛋仔派对海底大冒险","15","1749871173","144","8077","3173739"
"烎车","1761910123","https://i1.hdslb.com/bfs/face/87c06f7d00019eb3a604d6f498deebcbb7b28815.jpg","172","手机游戏","http://www.bilibili.com/video/av114725539022548","BV1VqNXziEb3","请找出视频中的人类","-","//i2.hdslb.com/bfs/archive/037acc7d503c5f3c3ad032465c468a6d7bd3ea30.jpg","544253","27","5143","动作游戏,火影忍者,火影忍者手游,鸽子神,大三校花,管理员管理一下","178","1750573263","12","23499","2471649"
"何必解说","241143019","https://i1.hdslb.com/bfs/face/431c3422d00065639aca53a05a97dff5cd110c36.jpg","172","手机游戏","http://www.bilibili.com/video/av114364040350427","BV1iL5szJExw","挑战用机械警爆的装备玩荣都！靠运气赚1200万！","挑战用机械警爆的装备玩荣都！靠运气赚1200万！","//i2.hdslb.com/bfs/archive/12f24c61340d0194d509c32e5a608abfd7d964d6.jpg","1286379","86","2058","吃鸡,绝地求生,刺激战场,和平精英,地铁逃生,万物皆可游戏","48","1745057213","350","1976","7987699"
"一克麻辣毛蛋儿","1912249087","https://i1.hdslb.com/bfs/face/9f6a0fe7da3512eaf0773bf7a162cc233b7e3c32.jpg","172","手机游戏","http://www.bilibili.com/video/av114758741138149","BV1itK1zpERS","蛋仔派对：如果你身边有抽象的朋友，一定要带他来玩这个地图！","蛋仔派对：如果你身边有抽象的朋友，一定要带他来玩这个地图！","//i0.hdslb.com/bfs/archive/6c68f00bc72d8b76dd2c3de969062b7db4aa5400.jpg","1566367","49","14081","蛋仔派对,蛋仔日常,蛋仔女孩,蛋仔宝藏地图,蛋仔派对发起人,蛋仔实况,蛋仔派对宝藏乐园地图,蛋仔派对三周年,蛋仔旅行家,蛋仔派对创计划,导演蛋生记","28","1751255195","251","2125","1789717"
"新月同行","1746158065","https://i1.hdslb.com/bfs/face/6ce148c1e6ee921fda45699f6f4022545f9b8ea9.jpg","172","手机游戏","http://www.bilibili.com/video/av114709382633304","BV1bANtzXEt2","《新月同行》乐园不妙夜 版本PV：下篇——成为更好的人类","▲转发下方动态 抽迪士尼乐园门票▲
https://www.bilibili.com/opus/1080399225198477345

八点半，坐上通向乐园的地铁，轰隆，轰隆。
穿过气球、人类和休息日，穿过都市、荒野与红绿灯，叮咚，前方到站，长曦乐园。

▲游戏下载▲
https://www.biligame.com/detail/?id=109794

▲官方Q群▲
bili玩家交流3群：966679274
bili玩家交流4群：910782403
#新月同行# #新月同行乐园不妙夜#","//i1.hdslb.com/bfs/archive/316f8d5c3b0ec017f5fbf0300a75fa2c595ffabc.jpg","591648","492","5043","PV,宣传片,剧情,回合制,都市,版本PV,横版探索,新月同行,新月同行乐园不妙夜","1779","1750395756","167","22609","2649156"
"斗斗解说家","3546683759659119","https://i0.hdslb.com/bfs/face/9356975e7e8770e2d6e345a2e4991b249a85e2fc.jpg","172","手机游戏","http://www.bilibili.com/video/av113944643568442","BV1kgNPenEpe","这是什么神仙盘古，颠覆我的认知！","这是什么神仙盘古，颠覆我的认知！","//i0.hdslb.com/bfs/archive/0d5bb02b0a1b0fbac7a129b97f2208ebfff33fd3.jpg","462859","4","39086","盘古,王者荣耀","7","1738657894","122","4028","14387018"
"僵尸教授-","241199113","https://i1.hdslb.com/bfs/face/30a78bf8e40484e47e8e22a99aa8ec896b3da347.jpg","172","手机游戏","http://www.bilibili.com/video/av114772162907772","BV1w6grzYEWf","蛋仔派对：这就是你俩乐园工坊巨匠！耗时一周做出来的抽象地图？无敌肌肉小蓝豆！","蛋仔派对：这就是你俩乐园工坊巨匠！耗时一周做出来的抽象地图？无敌肌肉小蓝豆！","//i1.hdslb.com/bfs/archive/6051105764ce017a1d7f56c0d2bf12600294b699.jpg","833654","245","16121","无敌凤凰蛋,蛋仔派对发起人,#蛋仔奇思妙想计划#,蛋仔派对三周年,#蛋仔地图推荐#","171","1751284493","99","9473","1760419"
"CODM策划老王1958","248630273","https://i2.hdslb.com/bfs/face/969a5e0bae2f092d6869043d617bdafa11f8e48d.jpg","172","手机游戏","http://www.bilibili.com/video/av113886594470017","BV15afdYiE4p","这一套从天而降的枪法，我只教一次","玩家群橙汁和小雨组排投稿的视频。欢迎大家找我投稿有趣、精彩的codm对局故事","//i0.hdslb.com/bfs/archive/11da0967c0cef86792a01321055a0d86bd25e9c4.jpg","218397","2116","1490","FPS,射击游戏,电子竞技,使命召唤手游,codm,必剪创作,2025哔哩哔哩迎春会,游戏陪我过大年","1304","1737800229","32","13125","15244683"
"厕所所长呵呵","317341851","https://i0.hdslb.com/bfs/face/23f53209c9c098db8f461b44b719f7d0bec87b13.jpg","172","手机游戏","http://www.bilibili.com/video/av113803362571140","BV1pxcJeDEBV","最抽象的一集","小脑萎缩了","//i0.hdslb.com/bfs/archive/b5d7279741e7207f7290d8fc97dcd0f12e1270cd.jpg","495","0","0","搞笑,娱乐,沙雕,绝区零UP主激励计划","2","1736501653","26","11","16543259"
"小情绪joyous","398122486","https://i1.hdslb.com/bfs/face/fe7754631d31ba921aec33c79a3273969271585a.jpg","172","手机游戏","http://www.bilibili.com/video/av1603408276","BV1Dm421x77k","《很难想象打33的这个是人》","-","//i0.hdslb.com/bfs/archive/d449008c58de3c9ec3fb2e8a98a06d63d14d4756.jpg","79789","84","411","跑酷,忍者必须死,忍者必须死3","180","1713625397","164","3932","39419524"
"恋与深空","699603717","https://i0.hdslb.com/bfs/face/5fcfd9a429bcd5c29dafa8d85ee87d54148be8f0.jpg","172","手机游戏","http://www.bilibili.com/video/av114754462944027","BV129KBzHEW5","恋与深空誓约卡「于深空见证的」PV公开！——共赴一场只为你我而来的圆满","“共赴一场只为你我而来的圆满。”

💍7月3日更新后~7月22日上午4:59，
猎人可从限定五星思念「沈星回·星泊地」、「黎深·渡雪境」、「祁煜·朝汐屿」、「秦彻·明暗界」、「夏以昼·永无岛」中任选3张，所选思念许愿概率限时大幅提升，占五星获取几率的75%。
*Tips：
1.所选思念可随时更换，未选择活动思念与其余常驻五星思念均分五星获取几率的25%。
2.活动结束后，五张活动五星思念将暂无获取途径，不会进入常驻许愿极空回响。
3.许愿池设置有定向许愿、双重保底机制，详细说明可在后续活动预告中查看。

","//i1.hdslb.com/bfs/archive/cb2beb529d37c80e796a21c21b09fbd52da5c81e.jpg","1049933","12870","17279","PV,黎深,恋与深空,沈星回,祁煜,夏以昼,秦彻,恋与深空4.0于深空见证的,恋与深空誓约卡,于深空见证的","5712","1751089683","1387","50072","1955238"
"温泉蛋不要温泉","105505","https://i1.hdslb.com/bfs/face/8121028dfaea0df51407e810314a88d4fff24897.jpg","172","手机游戏","http://www.bilibili.com/video/av1102286107","BV1xA4m1N7Sq","【星穹铁道】日本网友评论黄泉角色PV「你的颜色」","日推，油管，5ch","//i0.hdslb.com/bfs/archive/bd3a9559a592cdb099957bbfed621bf9b207ec36.jpg","162255","284","305","熟肉,黄泉,油管,日本网友,角色PV,日推,米哈游,mihoyo,你的颜色,崩坏：星穹铁道创作者激励计划,崩坏星穹铁道2.0创作者激励计划","484","1711435143","229","5195","41609778"
"一克麻辣毛蛋儿","1912249087","https://i1.hdslb.com/bfs/face/9f6a0fe7da3512eaf0773bf7a162cc233b7e3c32.jpg","172","手机游戏","http://www.bilibili.com/video/av114465257296411","BV1GtV8zXEpG","蛋仔派对：我的名字又被恶意举报了，蛋仔你是不是油饼！","蛋仔派对：我的名字又被恶意举报了，蛋仔你是不是油饼！","//i2.hdslb.com/bfs/archive/a72766d0d90bd107cc8677ee66d7662e42da2203.jpg","1112372","70","5753","搞笑视频,竞技游戏,蛋仔派对,蛋仔日常,蛋仔女孩,蛋仔剧场,蛋仔实况,蛋仔派对创计划,蛋仔乐园畅游激励计划,蛋仔海底大冒险,蛋仔派对海底大冒险","249","1746609603","67","1630","6435318"
"网易逆水寒","21619102","https://i1.hdslb.com/bfs/face/a1b9049256db3dc5a2ddeb13b591144b4e8f3861.jpg","172","手机游戏","http://www.bilibili.com/video/av114715523026639","BV1siKNzREwr","【云瑶实机演示】逆的十三妹来了！","下周四更新后，云瑶就先抢先上线正式服，7月10日更新后上线全服！","//i1.hdslb.com/bfs/archive/3e53abdb388f10d464707efed5386b78e683ce56.jpg","1737670","101","11299","MMORPG,更新,爆料,周年庆,实机演示,流派,逆水寒ol,云瑶,黄金服","329","1750499235","112","9491","2545686"
"蛋仔二师兄","180489560","https://i2.hdslb.com/bfs/face/9d1a5185edd1c5da8aa5f993ecb4da3fbb54f7d5.jpg","172","手机游戏","http://www.bilibili.com/video/av114714986157425","BV1quKAzvE2r","蛋仔派对：新追捕大反转？礼温才是海瑟的新CP？！","蛋仔派对：新追捕大反转？礼温才是海瑟的新CP？！","//i0.hdslb.com/bfs/archive/6500b28a5a64716b208dad17e211dd39c0c2ec78.jpg","774353","59","6832","游戏实况,游戏日常,蛋仔派对,蛋仔女孩,蛋仔剧场,蛋仔派对发起人,蛋仔奇思妙想计划,蛋仔派对三周年,蛋仔派对创计划,ootd小剧场","71","1750415163","64","1330","2629758"
"人好嘴甜凯尔希","1683678","https://i0.hdslb.com/bfs/face/a07e51ca13ccf7d1040b39b0bb06e169578d0365.jpg","172","手机游戏","http://www.bilibili.com/video/av114433498026698","BV1EkGBzHEBU","【明日方舟】新约能天使实战测评：小子，懂不懂什么叫16w总伤和1wDPS的含金量?强烈推荐抽取！","新约能天使为六周年限定，具有特殊价值，因此推荐级别+1.
专精顺序建议2→3
要记得三连和关注哦，宝贝们
数据来源：prts","//i0.hdslb.com/bfs/archive/2681bc650229bfad04f754af78f13651d4906b47.jpg","1168716","3195","5050","限定,能天使,直播,明日方舟,干员测评,蕾缪安,泰拉探索协会,明日方舟创作者应援计划,众生行记,明日方舟UP主应援计划 – 众生行记,新约能天使测评","4787","1746135962","1074","33579","6908962"
"木叶的秋战况","3546641275554239","https://i2.hdslb.com/bfs/face/f935392c120a7c6ba24383fe931689c92f610460.jpg","172","手机游戏","http://www.bilibili.com/video/av114676096633987","BV19RMBzBExz","打的太疯狂被弹幕质疑录播，恩师：我的日常罢了","","//i0.hdslb.com/bfs/archive/1392b3fd554b9b4eed1724fc6d18e281aea30f0d.jpg","92282","214","150","逆天,游戏实况,摸头,恩师,火影忍者手游,灌伤,整点电子榨菜,木叶的秋,淫荡的秋,整点电子榨菜第22期","99","1749818533","894","3686","3226391"
"PM第五","3494377538194147","https://i1.hdslb.com/bfs/face/1009a81ee48abe2852d33597fd1c77c0ac0b25a0.jpg","172","手机游戏","http://www.bilibili.com/video/av113968198714338","BV1eNN5eeE3a","〖再快的视角也转不回有你的从前〗","-","//i2.hdslb.com/bfs/archive/aca3c553a47bd242cbe29b5b6939249429708e2f.jpg","2347859","414","57764","第五人格,如履薄兵","1833","1739033754","35","238830","14011170"
"苏凉川自凉肝养号","1157189748","https://i0.hdslb.com/bfs/face/9bfa2ddb8d47a959cbdcecc395ebedaefacd70c9.jpg","172","手机游戏","http://www.bilibili.com/video/av114308205838448","BV1xtdPYiE4t","最有操作的一集!","","//i0.hdslb.com/bfs/archive/41b65bcbcc6829956c9237119bd3a299de1bdcdb.jpg","116519","56","500","娱乐,教程攻略,桌游棋牌,推荐宝藏游戏","33","1744207618","63","3203","8837306"
"奔奔解说","99037232","https://i2.hdslb.com/bfs/face/3fdcc02dd6fcb4b1b4117d568e7ab728d0ad7f39.jpg","172","手机游戏","http://www.bilibili.com/video/av113225957966594","BV1KKxseTE9c","地铁人能无限刷金枪黑卡了！解锁禁忌知识，薅秃光子的羊毛","地铁人能无限刷金枪黑卡了！解锁禁忌知识，薅秃光子的羊毛","//i2.hdslb.com/bfs/archive/fba5eb41c887a744bb8185cd593c081e898939c8.jpg","5167128","680","313162","琳琅天上,教程攻略,万物皆可游戏","346","1727875949","146","45712","25168975"
"小小小砸墨","280439787","https://i0.hdslb.com/bfs/face/3c0585de701fb4799271fd4937d29a3dca5eae78.jpg","172","手机游戏","http://www.bilibili.com/video/av114636384900261","BV1i3TuzHEqE","玩这么大的嘛！四款免费联动时装！暑期前瞻联动爆料！","玩这么大的嘛！四款免费联动时装！暑期前瞻联动爆料！","//i2.hdslb.com/bfs/archive/ab3fd5c50d011f4ff7e04d3193ff3654e51d66f8.jpg","667212","1182","9235","手机游戏,生存游戏,第五人格,小砸墨,第五人格新星团,推荐宝藏游戏,第五人格前瞻直播,纸嫁衣联动,第五人格周年演绎,葬送的芙莉莲联动","2262","1749229432","119","28495","3815492"
"一克麻辣毛蛋儿","1912249087","https://i1.hdslb.com/bfs/face/9f6a0fe7da3512eaf0773bf7a162cc233b7e3c32.jpg","172","手机游戏","http://www.bilibili.com/video/av114703661537182","BV1FKNJzUEJa","蛋仔派对：三周年马上就到了，提前花完朋友的潮流纤维会怎么样？","蛋仔派对：三周年马上就到了，提前花完朋友的潮流纤维会怎么样？","//i0.hdslb.com/bfs/archive/69d5d907b6f8d2c30e0cb56c6e62216133110d9b.jpg","1022833","44","8269","蛋仔派对,蛋仔日常,蛋仔女孩,蛋仔派对发起人,蛋仔实况,蛋仔派对三周年,蛋仔派对创计划,导演蛋生记","24","1750239190","226","1407","2805736"
"Lm_Apathy","473235282","https://i0.hdslb.com/bfs/face/353aecbcc2ebbd8aa7594efd9a249c8587696cfb.jpg","172","手机游戏","http://www.bilibili.com/video/av114714851940322","BV1CoKwzCEBU","天降的不一定是王，也可能是我","-","//i2.hdslb.com/bfs/archive/a35272ca55a984a24c0aa85ec3a7cd6c8e864a9e.jpg","1238585","167","36639","火影忍者,火影忍者手游","796","1750454559","25","129395","2590367"
"小乖-战神乖","261228654","https://i0.hdslb.com/bfs/face/15bb8abb6b885943ecc51862c1e8433cd423a585.jpg","172","手机游戏","http://www.bilibili.com/video/av114008212380177","BV1VZAKeuE79","【地铁逃生】5个亿的勘察专场！到底能出多少个极品！","5个亿的勘察专场！到底能出多少个极品！","//i2.hdslb.com/bfs/archive/7c04d0a2c5a648244bb596765bea78a086ea3d3b.jpg","2331933","141","31665","和平精英地铁逃生","110","1739790867","450","6610","13254059"
"ALYAML","4051273","https://i1.hdslb.com/bfs/face/51d5bff54d1ac6b102c6d9fea413844fc1256799.jpg","172","手机游戏","http://www.bilibili.com/video/av1800009437","BV1Vt421W7t1","绩最瑟琴的地方，有没有懂的","第一眼看到立绘的时候就被这里吸引了画师简直是天才","//i0.hdslb.com/bfs/archive/e06c7dd0f0927c4ca59c759264f852c07eb68202.jpg","165269","80","926","明日方舟,绩,明日方舟庆新春,明日方舟UP主应援计划 – 怀黍离","219","1706851715","62","9747","46193211"
"网易逆水寒","21619102","https://i1.hdslb.com/bfs/face/a1b9049256db3dc5a2ddeb13b591144b4e8f3861.jpg","172","手机游戏","http://www.bilibili.com/video/av114709265122341","BV15SN4zaEAF","【大航海PV首曝】这段乘风破浪的旅程，即将开始！","距离6月27日逆水寒二周年庆版本正式开放还剩8天！

各位同门在看过之前的超多爆料内容后，是否已经做好了准备奔向全新的逆水寒江湖呢？

3.0赛年我们将为各位尊贵的玩家带来“海啸式”更新！

请看vcr！","//i0.hdslb.com/bfs/archive/477c50584146162f4364f21740a63699c83caf45.jpg","829022","158","3397","CG,MMORPG,更新,爆料,周年庆,大航海,流派,沧澜,逆水寒手游,刺桐港","444","1750344677","211","10704","2700249"
"僵尸大嘴","649033908","https://i0.hdslb.com/bfs/face/af9cdd30b25710dc22056a978f01f06eef4d77e1.jpg","172","手机游戏","http://www.bilibili.com/video/av1703092277","BV1MT421U7dC","植物大战僵尸：假如给小鬼头一次当老大的机会","","//i2.hdslb.com/bfs/archive/a0311ea770520617dbf8897e972de5b280787cc1.jpg","91176","31","1124","植物大战僵尸,休闲益智,老大,小鬼,植物大战僵尸2,沙雕,整活,僵尸大嘴,万物皆可游戏","17","1713090035","110","832","39954891"
"熊猫解说君","477281092","https://i1.hdslb.com/bfs/face/692e785090f62664eebf01631e91d8f95938aead.jpg","172","手机游戏","http://www.bilibili.com/video/av114465190190660","BV1MeV8zUEvA","八种神级植物中，谁的打击速度最快了？","","//i2.hdslb.com/bfs/archive/42ac2cb8a5c6789ee349927fb771e6cb5db1197e.jpg","51273","94","239","植物大战僵尸,植物大战僵尸2,猕猴桃,冰龙草,植物大战僵尸16周年,植物大战僵尸16周年生日会","54","1746600293","179","620","6444633"
"一克麻辣毛蛋儿","1912249087","https://i1.hdslb.com/bfs/face/9f6a0fe7da3512eaf0773bf7a162cc233b7e3c32.jpg","172","手机游戏","http://www.bilibili.com/video/av113093736727275","BV16kHdeMEWm","蛋仔派对：当着主播呆呆的面放他的第一期黑历史视频，会发生什么","蛋仔派对：当着主播呆呆的面放他的第一期黑历史视频，会发生什么","//i1.hdslb.com/bfs/archive/8a1325ebde48f3b4a1e07ef0ada18d958fc89768.jpg","4877460","208","118072","游戏解说,游戏实况,竞技游戏,游戏鉴赏家,蛋仔派对,eggy爱挤,蛋仔派对宝藏乐园地图,蛋仔派对创计划,蛋仔S19圆月哥特","115","1725864169","202","13833","27180759"
"一克麻辣毛蛋儿","1912249087","https://i1.hdslb.com/bfs/face/9f6a0fe7da3512eaf0773bf7a162cc233b7e3c32.jpg","172","手机游戏","http://www.bilibili.com/video/av1156454660","BV1NZ421K7fD","蛋仔派对：对于蛋仔未来出皮肤的设计方向，建议官方看看我的方案","蛋仔派对：对于蛋仔未来出皮肤的设计方向，建议官方看看我的方案","//i1.hdslb.com/bfs/archive/3c9ddbc37e3693ef6d886787356c67242be582c1.jpg","523465","158","4475","游戏解说,竞技游戏,教程攻略,游戏鉴赏家,蛋仔派对,eggy爱挤,蛋仔神奇艾比,蛋仔派对神奇艾比,蛋仔派对2周年狂欢,蛋仔派对创计划","125","1721381418","188","2507","31663518"
"荧岁镇太辰","352876685","https://i2.hdslb.com/bfs/face/88fac5470d28d63e2cf483150f5b15b8444f83f8.jpg","172","手机游戏","http://www.bilibili.com/video/av1705135048","BV1dT421i77x","原神杂谈：双子重逢，我们这四年的辛酸终于化为感动！","参考文献：
《诺斯替宗教—异乡神的信息与基督教的开端》
《古代诺斯替主义经典文集》
我们终将重逢视频来源@DeSingular  
BGM顺序：
1、HOYO-MiX - 纺坠终久之梦 An Everlasting Dream Intertwined.mp3
2、HOYO-MiX、陈致逸 - Destined Parting 命定的离别.mp3
3、HOYO-MiX - Her Wishes 她的期许.mp3
4、HOYO-MiX - 未行之路 The Road Not Taken (伴奏).mp3","//i1.hdslb.com/bfs/archive/e6db2361eff97e44103e97b0e3da6bf714e1b6a8.jpg","64956","124","641","游戏,双子,游戏杂谈,杂谈,手游,原神,原神杂谈,戴因斯雷布,原神UP主激励计划,原神4.7","124","1716887298","567","3835","36157638"
"和平精英TJ","440093872","https://i1.hdslb.com/bfs/face/79052b38981c3b1bbce45d812b956e9120644ad9.jpg","172","手机游戏","http://www.bilibili.com/video/av113978667766696","BV1k1NRebEjL","地铁的冰河禁区居然又被暗改了？","地铁的冰河禁区居然又被暗改了？","//i0.hdslb.com/bfs/archive/f6c7079ee2bbe1955dcbee58b5fda0d3c134450a.jpg","3065207","78","11054","地铁,冰河,和平精英地铁逃生,冰河禁区","137","1739176914","72","4558","13868022"
"墨渊鸽鸽","389571532","https://i1.hdslb.com/bfs/face/12c77d2706ed379bb1ee04c84a69fea58d804c37.jpg","172","手机游戏","http://www.bilibili.com/video/av113882014220960","BV1uXfEY4Em3","蛋仔派对：神兽阿罗斯一发入魂！价值3千蛋币的神级艾比值不值？","蛋仔派对：神兽阿罗斯一发入魂！价值3千蛋币的神级艾比值不值？","//i1.hdslb.com/bfs/archive/3088917326d3c5072c2d74a8b8dfb460bd49c23d.jpg","3807580","74","178324","休闲游戏,蛋仔派对,蛋仔派对搞笑视频,蛋仔派对面面鱼,bilibili新春季,蛋仔乐趣多,蛋仔派对创计划,冬日打游戏","44","1737762862","231","18112","15282074"
"伊甸之伊","449776054","https://i1.hdslb.com/bfs/face/dfdcbc224ee65fc000acb0b267cd5f0d9eb871bf.jpg","172","手机游戏","http://www.bilibili.com/video/av114625647484759","BV1DFTJzzE49","原神地图上出现神秘蓝色标记！来自新地图的暗示？","这个蓝色标记记得5.5的时候就有了吧？猜测可能是5.6出的那个小岛然后不小心将圈边界的一个点放到了这边...
谢谢你的点赞～
谢谢你的收藏～
谢谢你的三连～","//i0.hdslb.com/bfs/archive/e23a965494df8a5293f5e60c6437b0a93577e936.jpg","1140529","5565","11795","二次元,BUG,娱乐,RPG,彩蛋,冒险游戏,教程攻略,原神,原神UP主激励计划,原神5.6UP主激励计划","1443","1749084911","355","90121","3960025"
"收大地兽谷子","350952864","https://i0.hdslb.com/bfs/face/c37fc5480491c71fcc2f9bcc92e23662f30fbfaa.jpg","172","手机游戏","http://www.bilibili.com/video/av114693846864048","BV1CdNtzjEBe","【细节控】绝区零的眨眼设计就是艺术品，每个角色的眨眼动作都是单独制作！","-","//i1.hdslb.com/bfs/archive/e1fa107a9bf6c48cc24aab89e7587e2897adc342.jpg","531211","275","4003","雨果,薇薇安,米哈游,绝区零,星见雅,绝区零UP主激励计划,仪玄,绝区零 2.0版本UP主激励计划","5007","1750309105","95","48060","2735831"
"逸羽呐","470390238","https://i0.hdslb.com/bfs/face/f63ef02d8de75bcedfc2db7fa745f15f51d5b379.jpg","172","手机游戏","http://www.bilibili.com/video/av665677308","BV1Ha4y1q7YA","感受下你从未体验过的伤害！！","","//i2.hdslb.com/bfs/archive/2e7b81e6fe09c79211ffaf3c05370e5d588003da.jpg","6916","2","9","高燃,宫本,MOBA,王者荣耀","22","1704463733","69","246","48581203"
"摸头白鹦鹉","276579356","https://i2.hdslb.com/bfs/face/901f023e3078fe8f989a7d3095aef52c8b0f2698.jpg","172","手机游戏","http://www.bilibili.com/video/av114431937814273","BV1cRGqzsEiZ","【手游和原作早该切割了】同一个角色给人的印象简直天差地别!","-","//i2.hdslb.com/bfs/archive/b0ef24a9aa9dce8a8e5f5f82265f9a766c69fe49.jpg","1172842","403","3028","火影忍者手游,万物皆可游戏","1185","1746166251","109","31689","6878685"
"和平精英TJ","440093872","https://i1.hdslb.com/bfs/face/79052b38981c3b1bbce45d812b956e9120644ad9.jpg","172","手机游戏","http://www.bilibili.com/video/av113734961862311","BV1hj6tYTEmY","地铁逃生新版本的珍宝，可能比大金都值钱！","地铁逃生新版本的珍宝，可能比大金都值钱！","//i1.hdslb.com/bfs/archive/18db1ec40e5c638313e30ea5f5cfeb6b88782160.jpg","3334377","51","34188","地铁,游戏解说,新版本,教程攻略,大金,地铁逃生","83","1735661707","70","9413","17383235"
"小小小砸墨","280439787","https://i0.hdslb.com/bfs/face/3c0585de701fb4799271fd4937d29a3dca5eae78.jpg","172","手机游戏","http://www.bilibili.com/video/av114715791463082","BV1BGKNz3ErH","比开门战还刺激的机制！共研服新增推理终幕测试！","比开门战还刺激的机制！共研服新增推理终幕测试！","//i0.hdslb.com/bfs/archive/56417b2be47ed01ac146f3a51578048cb7bc1fd6.jpg","451724","544","1125","手机游戏,生存游戏,第五人格,小砸墨,第五人格新星团,第五人格夏日演绎,第五人格夏日创作,第五人格庄园纳凉夜","2489","1750424515","213","21918","2620427"
"铁架","1918233053","https://i2.hdslb.com/bfs/face/ca66f0aa3ae6f9120701ee1aa6b13bf79075a347.jpg","172","手机游戏","http://www.bilibili.com/video/av113492262720789","BV1M7UaYaETj","《最努力的一集》","努力~","//i0.hdslb.com/bfs/archive/33842110452cabd5c21123d9b3a5d1b4f6310314.jpg","50122","43","377","搞笑,火影忍者,融合,沙雕,火影忍者手游,白面具,整活,忍战李","80","1731754536","58","5196","21290406"
"胜利女神新的希望","3546733590087876","https://i0.hdslb.com/bfs/face/8bddb527d162d60c63439d0bdf07c1920d5e8a0b.jpg","172","手机游戏","http://www.bilibili.com/video/av114374760996756","BV1oRLMzrE27","《胜利女神：新的希望》定档PV「希望的曙光」","致胜之光将在决战之地绽放，
——而你，就是人类等待已久的“新的希望”。

✦《胜利女神：新的希望》定档5月22日全平台多端上线✦
220抽招募资源、2位SSR妮姬、全新时装「普丽瓦蒂·浮青行迹」等超丰厚福利免费获取！预约里程碑达成还将解锁「迪塞尔」，合计3位SSR妮姬助你开局作战一臂之力！
✦预抽卡活动将于5月上旬开启，抢先招募SSR妮姬在你麾下！
✦前瞻特别节目将于5月下旬放送，为你带来丰富的上线活动情报，不容错过！

✦预约里程碑活动火热进行中，点击下方链接即可进行游戏预约✦
https://www.","//i1.hdslb.com/bfs/archive/5437f80182ad1191c3ba90f5d9c65bb69f03a8cc.jpg","3807438","874","32370","游戏,二次元,手机游戏,美少女,RPG,射击,妮姬,胜利女神,NIKKE,胜利女神新的希望","1960","1745553464","150","94845","7491478"
"正经GAMER","457790653","https://i1.hdslb.com/bfs/face/bd04a0caeba26a00b5dd3dc46f475a4c15593132.jpg","172","手机游戏","http://www.bilibili.com/video/av114767196855626","BV15R3wzCECR","来不及怀念宇智波融，现在登场的是须佐能手抓取早餐","","//i0.hdslb.com/bfs/archive/67daaf4f9062d5ce3053ddfef8e36c5e21801992.jpg","304825","199","2150","搞笑,手机游戏,火影忍者,宇智波佐助,格斗游戏,宇智波鼬,火影忍者手游,手游爆料,整点电子榨菜,整点电子榨菜第22期","566","1751208579","39","10645","1836363"
"一克麻辣毛蛋儿","1912249087","https://i1.hdslb.com/bfs/face/9f6a0fe7da3512eaf0773bf7a162cc233b7e3c32.jpg","172","手机游戏","http://www.bilibili.com/video/av114777732945905","BV1QsgXzGEBF","和小紫的第3个生日","和小紫的第3个生日","//i2.hdslb.com/bfs/archive/bbe2c46fed0b3d4486aa3becc4a4584b4e0a2563.jpg","329267","5100","4284","蛋仔派对,蛋仔日常,蛋仔女孩,蛋仔宝藏地图,蛋仔派对发起人,蛋仔实况,蛋仔派对宝藏乐园地图,蛋仔派对三周年,蛋仔旅行家,蛋仔派对创计划,导演蛋生记","437","1751369518","14","5556","1675424"
"一克麻辣毛蛋儿","1912249087","https://i1.hdslb.com/bfs/face/9f6a0fe7da3512eaf0773bf7a162cc233b7e3c32.jpg","172","手机游戏","http://www.bilibili.com/video/av114023529979301","BV1pJA8epEb5","蛋仔派对：蛋仔超雄字幕又出现了！这么大的来财你见过没？","蛋仔派对：蛋仔超雄字幕又出现了！这么大的来财你见过没？","//i2.hdslb.com/bfs/archive/c13512e9c6d116402730fb44583b7ae30f2ce700.jpg","3104529","22","167742","搞笑视频,竞技游戏,蛋仔派对,蛋仔日常,蛋仔女孩,蛋仔剧场,蛋仔实况,蛋仔派对宝藏乐园地图,蛋仔派对创计划,蛋仔派对乐园畅游激励计划,蛋仔乐园畅游激励计划","26","1740145189","67","18976","12899753"
"世一蝎_绯流琥","1499475377","https://i2.hdslb.com/bfs/face/7cc7059c9d25175b831cc3b44d238c15826d52c3.jpg","172","手机游戏","http://www.bilibili.com/video/av114647659189907","BV1W9TQzXEzZ","最高浓度的白eye！一个视频带你看舍人","-","//i0.hdslb.com/bfs/archive/4c6cc49d27df08162b2f0d4005af6e5cd39d5b78.jpg","898876","322","5043","火影忍者手游,大筒木舍人,忍者教学,忍者吐槽","679","1749892891","166","34413","3152051"
"冠希从不破防","454167824","https://i2.hdslb.com/bfs/face/841dba3d5d729e5ff4896c5cca9df9c554865506.jpg","172","手机游戏","http://www.bilibili.com/video/av114367915887545","BV13TLFzkEdw","最 轮 椅 的 一 集","简介很用心","//i0.hdslb.com/bfs/archive/c58ed66d82eca76c9b9db608da778349ab0f2ef7.jpg","48794","50","249","长门,操作,轮椅,火影忍者手游,吓哭超影","49","1745116438","176","2030","7928504"
"电竞钟无艳","45044458","https://i1.hdslb.com/bfs/face/4cfd84dc24f4cdf77b6f875b0a1d9ff231263d6e.jpg","172","手机游戏","http://www.bilibili.com/video/av112983762011236","BV1Wdp6eTEwo","《演员的诞生》","老戏骨的从容和收放自如。还有，《让子弹飞》必须申遗。","//i2.hdslb.com/bfs/archive/e97a4857634ee7cf9914044161c93ef52dcbb4c7.jpg","484","0","0","让子弹飞,老戏骨,人民的名义,大伟丘,哭也算时间,原神UP主激励计划4.8","8","1723995510","31","26","29049432"
"中医tv","688609069","https://i1.hdslb.com/bfs/face/b19f2bcc9933cca24ea3cb5c4f1780e3c1a0f66c.jpg","172","手机游戏","http://www.bilibili.com/video/av114653464106502","BV1FGTiziE6U","[二补]中医tv-某女士跳上ModelY试图砸碎车窗,结果体验了一把换新Y的加速推背感😂","","//i0.hdslb.com/bfs/archive/2dbbeb0ee1f2eb5632a00d32265b7738e395a06e.jpg","969611","181","1059","必剪创作,bilibili高考季,2025 哔哩哔哩高考","558","1750389868","18","19883","2655076"
"忆枫游戏解说","505185863","https://i2.hdslb.com/bfs/face/1a443cb5ac000e00ca712f242fca2b87e6550b83.jpg","172","手机游戏","http://www.bilibili.com/video/av114532416558966","BV1GUEDztEAT","地铁逃生主线任务所有任务完成教学以及需要的东西，","-","//i1.hdslb.com/bfs/archive/01fda32483d85de97652b2a000b4c9ca0e87356a.jpg","1206307","35","76480","FPS,地铁,地铁逃生,和平精英地铁逃生,和平精英新版本激励活动","46","1747740250","197","9753","5304694"
"和平精英长留白","627723344","https://i2.hdslb.com/bfs/face/564e5a3cfa90d290b263b0607c5dd43cd6409819.jpg","172","手机游戏","http://www.bilibili.com/video/av114347766450452","BV1W1oTYyEVu","拯救战绩全灰的豪猪！成功走出大山！","-","//i0.hdslb.com/bfs/archive/39d8cb9bbc77861714f2c9c023f5a56737f4f671.jpg","1560998","21","1863","手机游戏,教程攻略,吃鸡手游,和平精英,地铁逃生,和平精英地铁逃生,长留白,和平精英4月激励活动","39","1744808700","252","1114","8236244"
"恭喜本熊","591096849","https://i0.hdslb.com/bfs/face/d3507a897156bfa0c86e3a16218db7a419386e0b.jpg","172","手机游戏","http://www.bilibili.com/video/av114499700983533","BV1aiEczpEVr","拥有三金之力，这一次的胜利是必然的嘛！","嘛，可别抢了我的风头！
这一次不会再对敌人温柔了！
这一次的胜利是必然的嘛，怎么有什么不满吗！","//i2.hdslb.com/bfs/archive/526fc4e7593bb137de715ac65a80d408ae164a2d.jpg","22934","21","224","记者,排位,竞技游戏,第五人格,第五人格新星团,第五人格七周年,第五人格周年创作","55","1747127194","96","2817","5917750"
"蓝GAG喵","17161959","https://i0.hdslb.com/bfs/face/ea92477cfec7151a20d94060d1a4613239be5e28.jpg","172","手机游戏","http://www.bilibili.com/video/av114353235826663","BV1Sg5vzYEpY","【重返未来1999】6 · 联动新衣服有多美？慢镜对比看看！（昔日既成的一切，如今已只余烬土）","于2025年4月17日开启的【重返未来：1999 x Discovery】联动活动新上架皮肤
——*第三行星奇旅*系列衣着系列，于火中得见 - 6 ；
（昔日既成的一切，如今已只余烬土）

※BGM：The Score - 《 Better Than One 》

觉得视频不错，也请 “ 关注+点赞 ” 支持呀
欢迎在评论区留言！在此谢谢大家了呀 T-T~~","//i1.hdslb.com/bfs/archive/aa1078235e9e488a7e0dcfc63b696869ec62dfd1.jpg","36129","253","369","联动,皮肤,衣着,Discovery探索频道,游戏鉴赏家,重返未来1999,重返未来1999创作者激励计划,1999高能团,第三行星奇旅,于火中得见","132","1744892201","175","1502","8152743"
"欧神小伟丘","1389895009","https://i1.hdslb.com/bfs/face/4050ce39992cda2c407381af6e9d802e0a434cea.jpg","172","手机游戏","http://www.bilibili.com/video/av114483108252660","BV1mwVozsEWc","原神神奇的小道具竟然可以拿这么多原石成就！赶快来拿！","原神神奇的小道具竟然可以拿这么多原石成就！赶快来拿！","//i0.hdslb.com/bfs/archive/918e103918617f887b9b940cfb0c483e08effcda.jpg","110955","0","8723","原神,原神攻略,原神UP主激励计划,原神5.6UP主激励计划","6","1746873939","70","2407","6171005"
"鸣潮","1955897084","https://i2.hdslb.com/bfs/face/0abd6b9df304334a9388e968740b5b9b7d1a84be.jpg","172","手机游戏","http://www.bilibili.com/video/av114596421567817","BV1rb7WzaE8r","《鸣潮》剧情预告动画｜潮涌所述的一切","来讲个故事吧！
一个生于海，死于海……在波涛中挣扎的人们编写的故事。

*视频包含开发中内容展示，不代表最终效果。","//i2.hdslb.com/bfs/archive/db112a3b3fbcf36675bec025355ea60f2e2d0368.jpg","1163855","1329","8259","鸣潮","4781","1748612457","454","65099","4432487"
"剑羽","2348964","https://i0.hdslb.com/bfs/face/639d744f4b8bf3dd23bd0d3eed9878a87017ea3c.jpg","172","手机游戏","http://www.bilibili.com/video/av114425243638871","BV1GjGQz2ELm","（崩铁）3.2那刻夏两个专属成就：分型的尽头和赤裸的质性","","//i1.hdslb.com/bfs/archive/eb0de2c8c9414800366b0c62bd5e3f91253184fd.jpg","57454","6","290","成就,星琼,必剪创作,崩坏：星穹铁道创作者激励计划,那刻夏,崩坏星穹铁道3.2创作者激励计划","75","1745990962","62","1195","7053982"
"枏星","171273425","https://i2.hdslb.com/bfs/face/f6b2b576309a37528d9d6d0841b64d021883b4f5.jpg","172","手机游戏","http://www.bilibili.com/video/av113791098489680","BV19PraYRE56","气象学家的背后，是千千万万个女性科学家！","-","//i1.hdslb.com/bfs/archive/3c783d2428f529ab5305bc2317cba7af7c6845ec.jpg","131929","47","2417","温迪,第五人格,气象学家,第五人格新星团,第五人格2025蛇年版","301","1736314478","37","28023","16730466"
"大神APP","360285629","https://i2.hdslb.com/bfs/face/b4f912a79b334dd82668f2568e5a1cd037f752c3.jpg","172","手机游戏","http://www.bilibili.com/video/av113979087130369","BV1LfNoetEGh","正愁新学的青花瓷踢腿无处施展呢","","//i0.hdslb.com/bfs/archive/9561af2a1ee7faf0df652cbb3553f3dc9d31504b.jpg","24656","25","205","游戏,搞笑,娱乐,沙雕,第五人格,网易大神","56","1739182891","14","4098","13862053"
