cate_id,count,time_from,time_to
21,393759,20250815,20250822
17,376001,20250815,20250822
172,342135,20250815,20250822
65,290813,20250815,20250822
95,255783,20250815,20250822
27,153489,20250815,20250822
183,151691,20250815,20250822
171,110633,20250815,20250822
208,101441,20250815,20250822
138,89730,20250815,20250822
162,83045,20250815,20250822
242,79893,20250815,20250822
250,72851,20250815,20250822
228,69810,20250815,20250822
85,69758,20250815,20250822
232,50142,20250815,20250822
47,49561,20250815,20250822
207,47505,20250815,20250822
254,46469,20250815,20250822
124,37573,20250815,20250822
176,37450,20250815,20250822
168,35824,20250815,20250822
158,35799,20250815,20250822
173,34529,20250815,20250822
161,32821,20250815,20250822
164,32419,20250815,20250822
182,32110,20250815,20250822
136,30504,20250815,20250822
209,29610,20250815,20250822
218,28067,20250815,20250822
256,26453,20250815,20250822
231,25499,20250815,20250822
215,23925,20250815,20250822
59,23297,20250815,20250822
241,22571,20250815,20250822
252,22042,20250815,20250822
236,20826,20250815,20250822
86,19130,20250815,20250822
249,19089,20250815,20250822
76,18104,20250815,20250822
230,17644,20250815,20250822
154,17296,20250815,20250822
71,15428,20250815,20250822
222,15043,20250815,20250822
219,14552,20250815,20250822
251,14395,20250815,20250822
122,12439,20250815,20250822
26,11964,20250815,20250822
184,11801,20250815,20250822
197,11700,20250815,20250822
247,11420,20250815,20250822
24,11297,20250815,20250822
28,10880,20250815,20250822
229,10421,20250815,20250822
235,10404,20250815,20250822
253,9757,20250815,20250822
221,9726,20250815,20250822
25,9329,20250815,20250822
159,8568,20250815,20250822
257,8536,20250815,20250822
199,8179,20250815,20250822
205,8088,20250815,20250822
240,7712,20250815,20250822
212,7568,20250815,20250822
213,7159,20250815,20250822
237,6979,20250815,20250822
121,6236,20250815,20250822
195,4915,20250815,20250822
245,4616,20250815,20250822
30,4267,20250815,20250822
246,4213,20250815,20250822
255,4176,20250815,20250822
243,3925,20250815,20250822
22,3885,20250815,20250822
227,3410,20250815,20250822
75,3184,20250815,20250822
174,2366,20250815,20250822
216,2228,20250815,20250822
261,2226,20250815,20250822
263,2211,20250815,20250822
152,1703,20250815,20250822
214,1518,20250815,20250822
220,1507,20250815,20250822
153,1207,20250815,20250822
262,1188,20250815,20250822
267,1171,20250815,20250822
170,1120,20250815,20250822
248,1037,20250815,20250822
156,786,20250815,20250822
259,678,20250815,20250822
51,661,20250815,20250822
266,555,20250815,20250822
203,482,20250815,20250822
180,292,20250815,20250822
206,291,20250815,20250822
204,266,20250815,20250822
127,212,20250815,20250822
37,135,20250815,20250822
32,83,20250815,20250822
179,54,20250815,20250822
33,38,20250815,20250822
185,24,20250815,20250822
178,23,20250815,20250822
147,12,20250815,20250822
187,12,20250815,20250822
145,4,20250815,20250822
20,0,20250815,20250822
19,0,20250815,20250822
29,0,20250815,20250822
31,0,20250815,20250822
39,0,20250815,20250822
54,0,20250815,20250822
83,0,20250815,20250822
96,0,20250815,20250822
126,0,20250815,20250822
130,0,20250815,20250822
131,0,20250815,20250822
137,0,20250815,20250822
146,0,20250815,20250822
157,0,20250815,20250822
163,0,20250815,20250822
166,0,20250815,20250822
169,0,20250815,20250822
175,0,20250815,20250822
186,0,20250815,20250822
189,0,20250815,20250822
190,0,20250815,20250822
191,0,20250815,20250822
193,0,20250815,20250822
194,0,20250815,20250822
198,0,20250815,20250822
200,0,20250815,20250822
201,0,20250815,20250822
210,0,20250815,20250822
224,0,20250815,20250822
226,0,20250815,20250822
233,0,20250815,20250822
238,0,20250815,20250822
239,0,20250815,20250822
244,0,20250815,20250822
258,0,20250815,20250822
260,0,20250815,20250822
264,0,20250815,20250822
265,0,20250815,20250822
